rank,symbol,trading_date,previous_date,previous_close,entry_price,change_percent,previous_rsi_14,rsi_14,volume_24h,support_1_price,support_1_time,support_2_price,support_2_time,resistance_1_price,resistance_1_time,resistance_2_price,resistance_2_time
1,IDEA,2026-08-24,2026-08-21,13.94,14.04,0.72,58.01,59.65,182426974,12.6,2026-08-07,12.76,2026-07-24,14.31,2026-08-18,14.33,2026-07-10
2,ZEEL,2026-08-24,2026-08-21,107.58,104.0,-3.33,56.75,51.83,30021553,90.0,2026-08-11,92.0,2026-08-06,107.2,2026-08-17,117.32,2026-07-31
3,PCJEWELLER,2026-08-24,2026-08-21,10.22,11.19,9.49,61.35,72.25,453948560,9.55,2026-08-20,9.45,2026-08-14,10.57,2026-08-11,10.02,2026-08-05
4,WELSPUNLIV,2026-08-24,2026-08-21,189.22,191.34,1.12,72.25,73.41,4264442,159.01,2026-08-13,152.98,2026-08-03,169.7,2026-08-07,168.63,2026-07-27
5,JPPOWER,2026-08-24,2026-08-21,17.1,17.13,0.18,41.24,41.96,26543280,17.0,2026-08-19,16.89,2026-07-29,17.98,2026-08-13,19.28,2026-08-05
6,ASHOKLEY,2026-08-24,2026-08-21,173.0,172.23,-0.45,56.65,55.26,7386925,169.75,2026-08-14,172.0,2026-08-11,182.7,2026-08-13,179.0,2026-08-10
7,YESBANK,2026-08-24,2026-08-21,22.8,22.57,-1.01,46.69,42.56,33333918,22.42,2026-08-19,22.53,2026-08-10,23.04,2026-08-13,23.15,2026-08-05
8,OLAELEC,2026-08-24,2026-08-21,37.73,37.44,-0.77,41.99,40.67,12976118,37.0,2026-08-19,38.85,2026-08-10,42.6,2026-08-05,41.75,2026-07-15
9,TMPV,2026-08-24,2026-08-21,317.9,313.15,-1.49,33.26,30.59,7154890,343.0,2026-08-06,318.25,2026-07-24,351.55,2026-08-13,351.4,2026-08-10
10,ETERNAL,2026-08-24,2026-08-21,328.0,328.3,0.09,69.5,69.68,18212618,315.55,2026-08-18,306.2,2026-08-11,325.0,2026-08-14,319.7,2026-08-06
11,SAIL,2026-08-24,2026-08-21,173.46,178.73,3.04,53.39,60.09,41215669,158.73,2026-08-14,168.46,2026-08-10,180.11,2026-08-10,175.9,2026-07-29
12,SUZLON,2026-08-24,2026-08-21,46.71,46.76,0.11,35.07,35.47,22851301,46.9,2026-08-12,45.93,2026-07-29,49.32,2026-08-17,48.99,2026-08-07
13,CUPID,2026-08-24,2026-08-21,284.58,285.74,0.41,67.99,68.4,11551313,235.11,2026-08-17,239.28,2026-08-07,299.0,2026-08-14,234.5,2026-07-30
14,SAMMAANCAP,2026-08-24,2026-08-21,150.52,150.26,-0.17,37.2,36.92,2876624,145.0,2026-08-18,159.73,2026-08-04,158.49,2026-08-19,169.36,2026-08-06
15,HONASA,2026-08-24,2026-08-21,481.9,490.8,1.85,58.4,62.22,530845,470.05,2026-08-18,461.3,2026-08-12,509.8,2026-08-17,509.8,2026-08-14
16,HDFCBANK,2026-08-24,2026-08-21,726.95,726.35,-0.08,37.74,37.41,8498978,715.1,2026-08-19,722.0,2026-08-12,732.1,2026-08-17,757.9,2026-07-30
17,MARKSANS,2026-08-24,2026-08-21,321.3,322.5,0.37,67.81,68.24,1309759,252.05,2026-07-31,239.65,2026-07-22,345.5,2026-08-17,276.45,2026-08-06
18,NMDC,2026-08-24,2026-08-21,84.61,85.95,1.58,48.91,54.94,24870830,81.05,2026-08-17,84.71,2026-08-10,87.19,2026-08-06,86.45,2026-07-29
19,UNIONBANK,2026-08-24,2026-08-21,183.45,182.71,-0.4,57.49,56.02,3691204,184.27,2026-08-17,179.88,2026-08-11,190.58,2026-08-18,173.46,2026-07-27
20,HFCL,2026-08-24,2026-08-21,228.01,237.54,4.18,60.11,64.82,26318460,217.85,2026-08-17,201.0,2026-08-07,234.4,2026-08-19,230.95,2026-08-13
21,UJJIVANSFB,2026-08-24,2026-08-21,72.07,70.37,-2.36,61.32,53.52,14396152,69.6,2026-08-11,69.6,2026-08-10,73.94,2026-08-20,72.85,2026-08-14
22,JIOFIN,2026-08-24,2026-08-21,244.0,242.6,-0.57,45.29,43.74,5311774,241.5,2026-08-19,249.0,2026-08-12,263.4,2026-08-13,268.2,2026-08-05
23,TATASTEEL,2026-08-24,2026-08-21,183.0,185.83,1.55,39.99,47.22,32002777,180.0,2026-08-14,186.75,2026-08-07,187.11,2026-08-18,193.65,2026-08-06
24,LICI,2026-08-24,2026-08-21,422.25,423.45,0.28,55.44,56.24,9613599,385.9,2026-08-05,418.9,2026-07-30,417.0,2026-08-12,431.3,2026-08-03
25,NATIONALUM,2026-08-24,2026-08-21,394.45,402.3,1.99,59.08,62.02,6209463,375.0,2026-08-14,332.0,2026-07-29,422.2,2026-08-12,351.0,2026-07-23
26,IFCI,2026-08-24,2026-08-21,80.91,82.25,1.66,62.28,64.98,23333686,72.71,2026-08-12,68.15,2026-07-28,84.19,2026-08-19,76.93,2026-08-10
27,ADANIPOWER,2026-08-24,2026-08-21,205.5,203.05,-1.19,40.92,37.25,7254503,201.77,2026-08-17,206.7,2026-08-06,208.67,2026-08-18,213.8,2026-08-11
28,JUBLFOOD,2026-08-24,2026-08-21,506.75,509.3,0.5,66.56,67.39,1071524,494.75,2026-08-19,471.6,2026-08-13,521.0,2026-08-14,497.95,2026-08-10
29,RBA,2026-08-24,2026-08-21,104.24,107.25,2.89,72.78,74.89,6773853,63.57,2026-07-24,64.87,2026-07-17,108.41,2026-08-18,103.2,2026-08-13
30,BHARTIARTL,2026-08-24,2026-08-21,1946.0,1936.4,-0.49,51.71,49.78,1625977,1922.0,2026-08-19,1901.3,2026-08-12,2005.8,2026-08-14,2031.0,2026-08-05
31,ONGC,2026-08-24,2026-08-21,236.4,236.0,-0.17,38.72,38.02,4542326,233.64,2026-08-20,235.25,2026-08-14,242.19,2026-08-19,243.65,2026-08-11
32,RPOWER,2026-08-24,2026-08-21,23.45,23.14,-1.32,48.41,45.67,18711449,21.51,2026-08-19,23.2,2026-07-31,25.3,2026-08-07,24.4,2026-07-24
33,GROWW,2026-08-24,2026-08-21,197.01,196.36,-0.33,50.33,49.47,18329574,190.86,2026-08-18,188.11,2026-08-06,202.0,2026-08-20,199.85,2026-08-17
34,PPLPHARMA,2026-08-24,2026-08-21,213.67,211.51,-1.01,65.25,62.19,2221489,200.1,2026-08-18,170.61,2026-07-15,218.5,2026-08-10,185.79,2026-07-21
35,BHEL,2026-08-24,2026-08-21,413.0,411.15,-0.45,50.06,48.87,3632442,400.2,2026-08-10,395.5,2026-07-29,435.95,2026-08-17,418.7,2026-08-07
36,PNB,2026-08-24,2026-08-21,116.55,115.84,-0.61,59.64,56.79,8973165,115.32,2026-08-17,112.3,2026-08-11,119.1,2026-08-20,119.5,2026-08-12
37,HCC,2026-08-24,2026-08-21,21.03,22.44,6.7,47.6,58.7,70198202,19.63,2026-08-14,19.69,2026-08-11,22.3,2026-08-04,23.17,2026-07-21
38,MAHABANK,2026-08-24,2026-08-21,80.26,80.84,0.72,48.54,50.96,6940586,79.6,2026-08-19,77.2,2026-08-07,82.13,2026-08-18,83.1,2026-08-13
39,DEVYANI,2026-08-24,2026-08-21,144.4,149.0,3.19,68.79,72.21,4730887,112.55,2026-08-03,107.0,2026-07-24,145.0,2026-08-17,145.0,2026-08-14
40,VEDL,2026-08-24,2026-08-21,279.0,276.6,-0.86,56.13,53.91,16872644,261.35,2026-08-19,259.0,2026-07-28,286.4,2026-08-11,269.7,2026-07-30
41,MOTHERSON,2026-08-24,2026-08-21,169.38,167.71,-0.99,71.22,66.47,3646552,166.71,2026-08-14,143.86,2026-07-29,173.27,2026-08-19,172.0,2026-08-10
42,RELIANCE,2026-08-24,2026-08-21,1316.0,1304.6,-0.87,52.23,48.14,5554034,1298.1,2026-08-17,1270.1,2026-08-05,1328.6,2026-08-18,1337.0,2026-08-07
43,TMCV,2026-08-24,2026-08-21,472.55,470.45,-0.44,66.35,64.5,3782509,463.5,2026-08-18,444.1,2026-08-11,487.8,2026-08-20,486.3,2026-08-14
44,NBCC,2026-08-24,2026-08-21,88.88,88.77,-0.12,34.76,34.5,4636086,87.0,2026-08-19,93.09,2026-07-30,96.96,2026-08-06,96.6,2026-08-03
45,CANBK,2026-08-24,2026-08-21,129.96,127.28,-2.06,53.06,45.0,10982258,128.1,2026-08-19,127.77,2026-08-14,133.11,2026-08-12,129.7,2026-07-27
46,NSLNISP,2026-08-24,2026-08-21,39.79,40.14,0.88,33.86,36.29,2202338,39.3,2026-08-20,43.7,2026-08-12,46.19,2026-08-14,45.4,2026-08-06
47,LGEINDIA,2026-08-24,2026-08-21,1623.3,1664.1,2.51,55.21,60.36,630589,1614.6,2026-08-19,1546.6,2026-08-11,1687.3,2026-08-20,1755.0,2026-08-17
48,SAGILITY,2026-08-24,2026-08-21,43.35,43.39,0.09,55.05,55.32,11024289,41.77,2026-08-19,43.11,2026-08-03,44.59,2026-08-05,46.24,2026-07-30
49,URBANCO,2026-08-24,2026-08-21,158.6,171.11,7.89,73.9,80.36,56482726,137.39,2026-08-12,128.7,2026-07-31,146.0,2026-08-13,152.21,2026-08-03
50,KOTAKBANK,2026-08-24,2026-08-21,402.8,398.65,-1.03,62.16,57.02,12301074,386.75,2026-08-19,386.5,2026-08-10,396.35,2026-08-17,400.0,2026-08-05
51,IOC,2026-08-24,2026-08-21,135.9,137.56,1.22,37.82,43.62,7703536,138.86,2026-07-31,136.78,2026-07-24,144.75,2026-08-06,145.2,2026-08-03
52,BALUFORGE,2026-08-24,2026-08-21,555.4,621.7,11.94,75.09,82.78,13098204,441.55,2026-08-13,431.25,2026-07-30,478.9,2026-08-07,451.95,2026-08-03
53,HINDCOPPER,2026-08-24,2026-08-21,572.7,575.8,0.54,65.41,66.15,8610281,515.0,2026-08-14,522.0,2026-08-10,576.7,2026-08-18,500.8,2026-07-22
54,BDL,2026-08-24,2026-08-21,1359.0,1362.0,0.22,56.78,57.21,559320,1308.2,2026-08-20,1232.5,2026-08-05,1427.7,2026-08-17,1285.7,2026-07-28
55,CCAVENUE,2026-08-24,2026-08-21,15.16,15.04,-0.79,39.51,38.42,6829190,14.84,2026-08-19,15.78,2026-07-31,17.71,2026-08-11,18.05,2026-08-03
56,LLOYDSENGG,2026-08-24,2026-08-21,90.05,87.21,-3.15,49.07,44.32,6976364,91.0,2026-08-13,91.0,2026-08-12,94.62,2026-08-19,94.5,2026-08-14
57,GMRAIRPORT,2026-08-24,2026-08-21,99.63,99.17,-0.46,30.59,29.58,10574830,100.84,2026-08-17,103.26,2026-07-30,103.45,2026-08-19,106.9,2026-08-13
58,LENSKART,2026-08-24,2026-08-21,661.4,661.55,0.02,83.79,83.81,6581547,563.45,2026-08-07,546.9,2026-07-29,626.95,2026-08-13,575.7,2026-07-28
59,TATAPOWER,2026-08-24,2026-08-21,374.3,372.3,-0.53,40.16,37.72,3272677,374.1,2026-08-12,377.2,2026-08-06,390.4,2026-08-14,384.2,2026-08-04
60,SWIGGY,2026-08-24,2026-08-21,282.5,284.1,0.57,55.73,56.9,6739138,269.75,2026-08-19,273.1,2026-08-11,285.4,2026-08-20,283.4,2026-08-13
61,BPCL,2026-08-24,2026-08-21,311.0,312.2,0.39,45.88,47.35,3556238,304.7,2026-08-19,310.65,2026-08-13,319.75,2026-08-17,329.95,2026-08-03
62,HINDPETRO,2026-08-24,2026-08-21,363.25,370.5,2.0,31.85,39.64,3915928,385.65,2026-08-11,385.6,2026-07-31,401.05,2026-08-05,401.65,2026-07-28
63,BANKBARODA,2026-08-24,2026-08-21,247.0,241.11,-2.38,47.99,40.72,13408169,243.11,2026-08-17,243.6,2026-08-11,251.4,2026-08-12,251.25,2026-08-07
64,PINELABS,2026-08-24,2026-08-21,156.91,157.86,0.61,50.48,51.51,7231175,138.29,2026-07-31,142.8,2026-07-24,171.8,2026-08-11,156.25,2026-07-28
65,NTPC,2026-08-24,2026-08-21,340.0,338.45,-0.46,44.46,42.59,4148305,333.6,2026-08-19,335.35,2026-08-12,344.25,2026-08-13,350.9,2026-08-03
66,IDFCFIRSTB,2026-08-24,2026-08-21,86.75,85.66,-1.26,63.77,57.51,10293883,84.51,2026-08-17,83.61,2026-08-12,86.67,2026-08-13,86.5,2026-08-03
67,BEL,2026-08-24,2026-08-21,414.0,408.95,-1.22,60.36,53.24,6668974,385.2,2026-08-05,382.2,2026-07-29,416.35,2026-08-18,408.45,2026-07-27
68,WIPRO,2026-08-24,2026-08-21,180.79,181.38,0.33,47.69,49.05,8366552,178.06,2026-08-18,180.83,2026-07-31,185.84,2026-08-14,191.34,2026-07-30
69,GPPL,2026-08-24,2026-08-21,163.54,164.0,0.28,69.68,70.31,1632165,147.8,2026-08-11,146.6,2026-07-24,168.27,2026-08-20,153.95,2026-08-05
70,ITC,2026-08-24,2026-08-21,269.4,268.95,-0.17,35.33,34.86,6901937,265.0,2026-08-20,275.4,2026-08-12,292.55,2026-08-03,289.05,2026-07-29
71,ENGINERSIN,2026-08-24,2026-08-21,244.91,253.28,3.42,57.24,63.01,3696032,235.34,2026-08-20,238.0,2026-08-12,253.4,2026-08-14,249.8,2026-08-11
72,RECLTD,2026-08-24,2026-08-21,326.65,327.5,0.26,29.48,30.54,4880783,333.2,2026-08-17,354.9,2026-07-24,347.2,2026-08-13,378.7,2026-07-29
73,MANORAMA,2026-08-24,2026-08-21,1927.3,1922.0,-0.27,69.56,68.89,134783,1590.4,2026-08-11,1588.9,2026-08-06,2043.0,2026-08-17,1706.9,2026-08-07
74,KALYANKJIL,2026-08-24,2026-08-21,603.55,606.9,0.56,60.38,61.31,4807091,588.0,2026-08-19,585.05,2026-08-12,621.8,2026-08-17,630.0,2026-08-07
75,RTNPOWER,2026-08-24,2026-08-21,7.89,7.86,-0.38,27.97,27.36,13905287,7.7,2026-08-20,8.36,2026-07-31,8.95,2026-08-03,9.19,2026-07-24
76,ADANIENSOL,2026-08-24,2026-08-21,1541.9,1559.7,1.15,36.94,41.12,1421649,1570.2,2026-08-12,1603.9,2026-08-06,1630.0,2026-08-18,1672.0,2026-08-11
77,MEESHO,2026-08-24,2026-08-21,205.69,205.14,-0.27,65.96,65.14,16656085,190.1,2026-08-14,184.64,2026-08-06,197.6,2026-08-13,195.9,2026-08-04
78,POWERGRID,2026-08-24,2026-08-21,272.4,270.45,-0.72,45.87,43.46,5932639,262.05,2026-08-19,281.05,2026-07-29,268.95,2026-08-18,294.1,2026-08-04
79,HAPPSTMNDS,2026-08-24,2026-08-21,444.55,438.5,-1.36,70.05,66.57,1386976,405.15,2026-08-19,384.75,2026-08-12,432.4,2026-08-17,419.8,2026-08-05
80,PRAJIND,2026-08-24,2026-08-21,344.35,355.5,3.24,56.72,62.08,1738235,320.1,2026-08-13,314.55,2026-08-06,347.7,2026-08-14,335.0,2026-08-10
81,SBIN,2026-08-24,2026-08-21,1048.7,1035.3,-1.28,49.45,44.39,7848564,1060.4,2026-08-11,1007.6,2026-07-30,1086.8,2026-08-13,1124.5,2026-08-07
82,ICICIBANK,2026-08-24,2026-08-21,1420.0,1412.6,-0.52,50.45,47.77,3863683,1391.5,2026-08-19,1401.0,2026-08-14,1460.0,2026-08-06,1460.0,2026-08-03
83,INOXWIND,2026-08-24,2026-08-21,73.6,73.66,0.08,39.55,39.76,4300434,73.2,2026-08-14,72.7,2026-08-11,78.59,2026-08-17,81.14,2026-08-03
84,ELGIEQUIP,2026-08-24,2026-08-21,634.35,625.25,-1.43,65.58,60.86,214802,569.45,2026-08-11,565.55,2026-07-31,644.0,2026-08-20,599.7,2026-08-05
85,INDUSTOWER,2026-08-24,2026-08-21,375.75,376.0,0.07,42.93,43.16,1711748,367.35,2026-08-20,363.5,2026-08-10,388.55,2026-08-14,398.3,2026-08-03
86,PFC,2026-08-24,2026-08-21,363.0,363.05,0.01,21.27,21.34,5862079,405.3,2026-07-24,399.75,2026-07-17,429.25,2026-08-03,431.4,2026-07-29
87,INFY,2026-08-24,2026-08-21,1121.0,1124.1,0.28,47.01,47.83,7399146,1112.5,2026-08-18,1155.6,2026-08-07,1144.7,2026-08-20,1195.0,2026-08-10
88,IRB,2026-08-24,2026-08-21,18.95,18.91,-0.21,29.95,29.26,6345488,18.9,2026-08-19,19.28,2026-07-24,21.04,2026-07-30,21.78,2026-07-03
89,AXISBANK,2026-08-24,2026-08-21,1245.8,1236.7,-0.73,47.75,44.91,3125624,1208.6,2026-08-14,1214.4,2026-07-29,1272.0,2026-08-03,1348.0,2026-07-15
90,CESC,2026-08-24,2026-08-21,155.09,155.53,0.28,34.66,35.65,552375,160.0,2026-08-13,162.11,2026-08-06,172.0,2026-08-14,166.31,2026-08-11
91,PWL,2026-08-24,2026-08-21,120.83,122.9,1.71,43.05,46.83,8302184,114.0,2026-08-17,124.63,2026-08-06,128.37,2026-08-17,133.5,2026-08-07
92,APOLLO,2026-08-24,2026-08-21,384.55,389.25,1.22,44.71,48.15,6214916,384.0,2026-08-18,378.0,2026-08-12,397.9,2026-08-17,408.55,2026-08-06
93,ABFRL,2026-08-24,2026-08-21,54.35,54.15,-0.37,34.78,34.19,2203787,54.1,2026-08-19,55.1,2026-07-24,64.1,2026-08-06,62.95,2026-08-03
94,BELRISE,2026-08-24,2026-08-21,231.77,229.43,-1.01,42.88,41.06,1646363,224.0,2026-07-24,225.81,2026-07-17,241.12,2026-08-20,268.2,2026-08-12
95,COALINDIA,2026-08-24,2026-08-21,405.2,405.5,0.07,35.88,36.4,6168192,395.8,2026-08-20,411.7,2026-08-05,412.7,2026-08-18,417.6,2026-08-05
96,VMM,2026-08-24,2026-08-21,103.43,112.46,8.73,33.91,57.93,143938878,106.47,2026-07-31,106.31,2026-07-23,111.0,2026-08-12,112.83,2026-08-04
97,MINDACORP,2026-08-24,2026-08-21,727.85,719.05,-1.21,55.47,52.22,142673,706.55,2026-08-13,700.7,2026-08-07,769.0,2026-08-14,750.8,2026-08-10
98,HINDZINC,2026-08-24,2026-08-21,594.9,610.35,2.6,62.67,66.88,9275604,548.8,2026-08-19,557.8,2026-08-14,608.4,2026-08-10,541.6,2026-07-27
99,PETRONET,2026-08-24,2026-08-21,293.0,294.1,0.38,66.17,67.22,1486154,273.0,2026-08-13,267.35,2026-07-23,287.4,2026-08-13,285.0,2026-08-05
100,MSUMI,2026-08-24,2026-08-21,38.36,37.74,-1.62,33.87,30.54,9232726,39.46,2026-08-04,39.37,2026-07-24,42.22,2026-08-05,42.22,2026-08-03
101,GAIL,2026-08-24,2026-08-21,172.0,172.27,0.16,46.26,46.89,2973261,170.7,2026-08-19,170.02,2026-08-10,174.02,2026-08-19,177.95,2026-08-12
102,MIDHANI,2026-08-24,2026-08-21,423.95,419.0,-1.17,51.7,49.76,323602,398.8,2026-08-13,387.75,2026-07-30,456.6,2026-08-13,443.7,2026-08-10
103,BAJFINANCE,2026-08-24,2026-08-21,1095.0,1080.3,-1.34,55.1,50.75,3430573,1076.4,2026-08-19,1070.8,2026-08-10,1100.4,2026-08-17,1176.4,2026-08-03
104,KRBL,2026-08-24,2026-08-21,406.95,441.85,8.58,71.38,80.83,4597867,365.7,2026-08-13,341.6,2026-07-29,412.0,2026-08-19,384.9,2026-08-10
105,FIRSTCRY,2026-08-24,2026-08-21,196.33,194.49,-0.94,29.22,27.6,868016,194.34,2026-08-19,211.8,2026-08-10,222.5,2026-08-14,217.95,2026-08-05
106,MAXHEALTH,2026-08-24,2026-08-21,1000.0,987.5,-1.25,32.72,30.06,1622851,981.1,2026-08-14,1068.8,2026-07-24,1135.9,2026-07-30,1120.7,2026-07-14
107,BIOCON,2026-08-24,2026-08-21,415.55,410.7,-1.17,43.93,40.27,1426749,408.65,2026-08-17,421.25,2026-08-06,421.6,2026-08-18,430.5,2026-08-12
108,MFSL,2026-08-24,2026-08-21,1585.0,1574.7,-0.65,57.44,55.14,271990,1467.5,2026-08-11,1488.2,2026-07-29,1587.9,2026-08-18,1548.5,2026-08-04
109,KNRCON,2026-08-24,2026-08-21,127.0,127.5,0.39,45.16,46.07,3157506,126.5,2026-08-20,126.55,2026-08-17,138.19,2026-08-14,145.32,2026-08-10
110,TIMETECHNO,2026-08-24,2026-08-21,187.48,184.79,-1.43,39.62,37.45,1743106,179.31,2026-08-19,202.25,2026-08-07,194.75,2026-08-20,212.1,2026-08-11
111,TI,2026-08-24,2026-08-21,575.65,583.7,1.4,77.1,78.6,660633,480.95,2026-08-07,425.3,2026-07-28,593.0,2026-08-18,511.1,2026-08-05
112,ANGELONE,2026-08-24,2026-08-21,287.8,286.75,-0.36,35.12,34.33,4668642,281.6,2026-08-18,285.25,2026-08-12,296.3,2026-08-20,295.65,2026-08-17
113,NHPC,2026-08-24,2026-08-21,76.15,76.14,-0.01,39.37,39.31,5240821,75.85,2026-08-19,76.0,2026-08-12,78.1,2026-08-13,82.8,2026-08-05
114,AEQUS,2026-08-24,2026-08-21,259.22,255.88,-1.29,63.35,60.04,2030158,233.01,2026-08-12,215.0,2026-07-30,271.21,2026-08-20,256.55,2026-08-10
115,HUDCO,2026-08-24,2026-08-21,186.09,187.49,0.75,31.77,35.2,711658,184.48,2026-08-20,186.15,2026-08-17,192.0,2026-08-19,205.15,2026-08-04
116,EMIL,2026-08-24,2026-08-21,186.71,182.88,-2.05,74.1,68.76,1229252,124.59,2026-07-28,127.77,2026-07-17,195.4,2026-08-18,196.74,2026-08-13
117,BANKINDIA,2026-08-24,2026-08-21,142.79,141.2,-1.11,50.91,47.09,5276108,141.0,2026-08-17,139.37,2026-08-11,146.25,2026-08-13,145.39,2026-07-27
118,IRFC,2026-08-24,2026-08-21,86.4,85.89,-0.59,39.06,36.93,7160101,85.0,2026-08-19,87.49,2026-08-12,88.6,2026-08-13,90.85,2026-08-03
119,TRIDENT,2026-08-24,2026-08-21,24.39,24.47,0.33,40.21,42.26,2403584,24.14,2026-08-14,24.62,2026-07-31,25.09,2026-08-18,25.91,2026-08-07
120,SUDARSCHEM,2026-08-24,2026-08-21,1215.1,1230.6,1.28,69.26,70.55,807460,1013.7,2026-08-14,996.3,2026-07-31,1164.9,2026-08-10,1096.0,2026-08-03
121,HEG,2026-08-24,2026-08-21,710.75,725.3,2.05,64.95,67.96,718377,668.0,2026-08-10,509.1,2026-07-09,749.0,2026-08-18,698.0,2026-08-05
122,MANAPPURAM,2026-08-24,2026-08-21,357.5,367.05,2.67,55.48,61.06,9239211,336.4,2026-08-19,352.0,2026-08-04,373.05,2026-08-11,373.0,2026-08-06
123,LTF,2026-08-24,2026-08-21,317.15,318.15,0.32,53.67,54.43,2782276,304.5,2026-08-17,305.5,2026-08-10,327.0,2026-08-19,317.3,2026-08-13
124,RENUKA,2026-08-24,2026-08-21,25.14,26.19,4.18,67.39,72.05,105406689,21.9,2026-08-14,21.9,2026-08-12,22.83,2026-08-10,23.04,2026-08-05
125,TARIL,2026-08-24,2026-08-21,298.65,304.25,1.88,47.35,51.59,3884228,284.0,2026-08-20,290.5,2026-08-13,305.9,2026-08-14,302.3,2026-08-10
126,CENTRALBK,2026-08-24,2026-08-21,31.29,31.3,0.03,48.36,48.52,4520939,30.9,2026-08-19,30.87,2026-08-11,31.66,2026-08-12,31.73,2026-08-05
127,HINDALCO,2026-08-24,2026-08-21,1034.0,1053.0,1.84,54.97,59.47,3280898,1013.0,2026-08-20,1021.35,2026-08-14,1087.95,2026-08-12,964.0,2026-07-23
128,MRPL,2026-08-24,2026-08-21,176.81,174.33,-1.4,56.49,53.8,4260367,169.34,2026-08-20,170.0,2026-08-14,189.0,2026-08-18,183.0,2026-08-11
129,HSCL,2026-08-24,2026-08-21,654.4,670.5,2.46,31.9,36.27,9631405,735.2,2026-08-03,736.0,2026-07-28,794.5,2026-08-14,779.8,2026-08-10
130,TECHM,2026-08-24,2026-08-21,1584.0,1578.7,-0.33,47.95,46.49,1842855,1575.8,2026-08-19,1610.5,2026-07-31,1681.5,2026-08-07,1686.6,2026-07-30
131,SOUTHBANK,2026-08-24,2026-08-21,44.97,45.26,0.64,41.99,44.76,7365747,44.81,2026-08-19,45.37,2026-08-11,46.16,2026-08-20,47.76,2026-08-06
132,IREDA,2026-08-24,2026-08-21,115.0,115.2,0.17,34.83,35.81,3750971,113.75,2026-08-19,118.19,2026-08-04,122.13,2026-08-06,123.9,2026-08-03
133,RAIN,2026-08-24,2026-08-21,208.61,215.18,3.15,47.49,52.39,3841726,200.9,2026-08-18,200.15,2026-08-12,216.51,2026-08-13,252.0,2026-08-07
134,PAYTM,2026-08-24,2026-08-21,1632.0,1616.3,-0.96,72.3,69.39,2356353,1546.3,2026-08-19,1546.3,2026-08-18,1657.6,2026-08-14,1382.4,2026-07-21
135,BLS,2026-08-24,2026-08-21,271.29,238.33,-12.15,63.05,38.02,24712512,264.82,2026-08-18,236.0,2026-07-31,282.7,2026-08-17,245.45,2026-07-29
136,AWL,2026-08-24,2026-08-21,188.12,195.1,3.71,44.02,57.6,7346648,186.96,2026-08-19,185.35,2026-07-24,201.5,2026-08-07,199.9,2026-07-31
137,LLOYDSENT,2026-08-24,2026-08-21,77.59,74.1,-4.5,47.87,40.47,4043532,74.52,2026-08-17,79.2,2026-08-06,80.9,2026-08-18,84.7,2026-08-10
138,BSE,2026-08-24,2026-08-21,3241.0,3327.7,2.68,31.85,38.94,3551452,3235.0,2026-08-18,3415.5,2026-08-07,3412.0,2026-08-20,3628.0,2026-08-11
139,KTKBANK,2026-08-24,2026-08-21,328.3,335.75,2.27,68.67,71.57,1654757,303.55,2026-08-17,298.6,2026-08-11,316.0,2026-08-14,316.8,2026-08-06
140,PARAS,2026-08-24,2026-08-21,1499.6,1517.5,1.19,72.12,73.35,1102169,1235.3,2026-08-07,1152.4,2026-07-24,1340.0,2026-08-06,1323.0,2026-08-03
141,POONAWALLA,2026-08-24,2026-08-21,490.05,476.55,-2.75,56.39,48.43,1038663,469.0,2026-08-07,461.0,2026-07-31,506.0,2026-08-20,511.9,2026-08-14
142,CONCOR,2026-08-24,2026-08-21,515.05,518.3,0.63,53.74,55.52,1284242,511.55,2026-08-19,498.25,2026-08-10,543.7,2026-08-14,531.7,2026-08-03
143,RVNL,2026-08-24,2026-08-21,225.3,221.75,-1.58,44.28,39.75,4205564,221.25,2026-08-19,227.13,2026-08-11,233.67,2026-08-12,236.76,2026-08-07
144,AARTIIND,2026-08-24,2026-08-21,527.2,539.55,2.34,61.62,66.22,1709972,516.2,2026-08-20,480.55,2026-08-04,541.7,2026-08-13,516.95,2026-07-31
145,BANDHANBNK,2026-08-24,2026-08-21,175.1,174.11,-0.57,44.51,43.36,12591925,167.64,2026-08-19,171.0,2026-08-11,176.79,2026-08-12,177.2,2026-08-07
146,NATCOPHARM,2026-08-24,2026-08-21,882.4,885.0,0.29,39.59,40.55,259561,874.55,2026-08-20,870.2,2026-08-17,916.0,2026-08-19,964.85,2026-08-14
147,PATANJALI,2026-08-24,2026-08-21,348.0,348.25,0.07,35.75,36.12,1709809,345.8,2026-08-18,342.15,2026-08-12,358.6,2026-08-17,362.9,2026-08-11
148,SHRIRAMFIN,2026-08-24,2026-08-21,1130.0,1115.8,-1.26,60.89,56.53,2491129,1098.2,2026-08-19,1106.1,2026-08-10,1149.0,2026-08-13,1153.7,2026-08-06
149,TRIVENI,2026-08-24,2026-08-21,295.28,301.25,2.02,66.33,68.2,1631037,228.07,2026-08-07,220.05,2026-07-31,314.9,2026-08-20,249.06,2026-08-10
150,FEDERALBNK,2026-08-24,2026-08-21,361.0,356.6,-1.22,59.92,54.85,3830831,349.65,2026-08-17,350.85,2026-08-07,364.2,2026-08-20,371.7,2026-08-03
151,INDIGOPNTS,2026-08-24,2026-08-21,1151.8,1144.7,-0.62,61.26,59.07,32515,1113.7,2026-08-13,1070.5,2026-08-05,1220.9,2026-08-14,1159.0,2026-08-10
152,VOLTAS,2026-08-24,2026-08-21,1235.0,1240.7,0.46,38.49,40.04,614977,1215.6,2026-08-20,1265.8,2026-08-10,1350.0,2026-08-17,1358.0,2026-08-04
153,BLUESTONE,2026-08-24,2026-08-21,846.4,829.0,-2.06,61.8,58.11,364491,810.0,2026-08-19,804.6,2026-08-07,926.0,2026-08-13,894.4,2026-08-05
154,LEMONTREE,2026-08-24,2026-08-21,108.33,108.8,0.43,41.13,43.25,2070569,107.4,2026-08-19,106.51,2026-08-10,110.15,2026-08-17,115.68,2026-08-05
155,ATHERENERG,2026-08-24,2026-08-21,1462.0,1455.3,-0.46,61.28,60.18,1778905,1421.7,2026-08-20,1191.1,2026-07-29,1580.0,2026-08-12,1345.0,2026-07-16
156,CGCL,2026-08-24,2026-08-21,224.03,229.96,2.65,42.75,49.23,5641902,222.22,2026-08-17,218.59,2026-07-30,231.2,2026-08-19,237.7,2026-08-12
157,TCS,2026-08-24,2026-08-21,2302.0,2282.3,-0.86,48.11,46.11,1152416,2258.3,2026-08-19,2300.1,2026-08-12,2329.0,2026-08-20,2472.9,2026-08-10
158,NYKAA,2026-08-24,2026-08-21,334.0,330.15,-1.15,57.84,53.69,1664152,320.3,2026-08-19,320.75,2026-08-11,332.95,2026-08-13,348.0,2026-08-05
159,VIYASH,2026-08-24,2026-08-21,275.95,273.15,-1.01,56.99,55.06,6606808,245.3,2026-08-17,249.05,2026-07-31,281.2,2026-08-10,261.35,2026-07-27
160,SWANCORP,2026-08-24,2026-08-21,303.85,302.0,-0.61,41.65,39.27,612935,300.4,2026-08-19,298.15,2026-08-14,307.9,2026-08-20,313.35,2026-08-11
161,GPIL,2026-08-24,2026-08-21,245.09,247.71,1.07,49.03,51.01,827318,228.31,2026-08-12,240.0,2026-08-03,256.0,2026-08-18,251.89,2026-08-06
162,DRREDDY,2026-08-24,2026-08-21,1174.7,1186.5,1.0,43.1,47.29,1727093,1168.0,2026-08-19,1155.1,2026-08-11,1208.1,2026-08-13,1182.0,2026-08-03
163,BATAINDIA,2026-08-24,2026-08-21,701.05,691.65,-1.34,45.55,42.79,407129,697.0,2026-08-11,691.15,2026-07-31,767.95,2026-08-14,747.5,2026-08-05
164,EDELWEISS,2026-08-24,2026-08-21,128.68,125.64,-2.36,65.71,58.65,4229127,117.2,2026-08-10,115.25,2026-08-05,126.0,2026-08-14,126.0,2026-08-13
165,JSWINFRA,2026-08-24,2026-08-21,335.7,340.85,1.53,54.1,57.67,1580157,326.4,2026-08-19,322.4,2026-08-07,355.0,2026-08-12,336.6,2026-08-04
166,GODREJCP,2026-08-24,2026-08-21,933.0,927.6,-0.58,33.22,32.37,1789592,920.0,2026-08-18,906.3,2026-08-13,948.0,2026-08-20,1087.2,2026-08-07
167,UCOBANK,2026-08-24,2026-08-21,25.72,26.01,1.13,41.57,47.53,3415483,25.65,2026-08-19,25.92,2026-08-12,26.45,2026-08-12,26.77,2026-08-06
168,ALOKINDS,2026-08-24,2026-08-21,11.57,11.51,-0.52,36.12,34.41,2417196,11.35,2026-08-19,11.81,2026-07-29,12.13,2026-08-03,12.33,2026-07-27
169,OIL,2026-08-24,2026-08-21,475.0,476.85,0.39,59.24,60.13,585826,465.0,2026-08-20,465.8,2026-08-14,487.2,2026-08-18,484.0,2026-08-11
170,PTC,2026-08-24,2026-08-21,156.56,156.25,-0.2,36.01,35.78,958943,155.15,2026-08-19,163.8,2026-07-24,204.2,2026-08-07,173.95,2026-07-20
171,ADANIPORTS,2026-08-24,2026-08-21,1700.0,1679.1,-1.23,44.62,39.97,810475,1667.0,2026-08-19,1640.4,2026-08-12,1704.0,2026-08-17,1703.4,2026-08-11
172,EPL,2026-08-24,2026-08-21,265.61,267.24,0.61,70.2,70.97,1791937,223.62,2026-08-07,221.24,2026-07-31,259.83,2026-08-12,240.07,2026-07-27
173,IOB,2026-08-24,2026-08-21,33.01,33.35,1.03,37.92,43.77,2089889,33.59,2026-08-11,33.5,2026-07-30,33.76,2026-08-18,34.51,2026-08-12
174,IDBI,2026-08-24,2026-08-21,82.24,88.65,7.79,46.27,67.84,61854854,80.5,2026-08-19,82.08,2026-08-11,86.23,2026-08-03,87.44,2026-07-28
175,V2RETAIL,2026-08-24,2026-08-21,219.73,219.4,-0.15,48.07,47.44,549515,212.0,2026-08-14,213.91,2026-08-04,226.3,2026-08-20,226.7,2026-08-13
176,EQUITASBNK,2026-08-24,2026-08-21,76.6,75.06,-2.01,52.02,47.11,719911,73.26,2026-08-17,72.4,2026-08-10,78.8,2026-08-20,76.3,2026-08-13
177,DIACABS,2026-08-24,2026-08-21,356.1,353.3,-0.79,66.91,64.93,667925,345.35,2026-08-20,306.75,2026-08-04,374.0,2026-08-19,379.0,2026-08-12
178,JSWCEMENT,2026-08-24,2026-08-21,126.04,127.46,1.13,36.87,41.4,700489,122.94,2026-08-19,131.3,2026-08-05,136.4,2026-08-07,134.75,2026-08-03
179,M&MFIN,2026-08-24,2026-08-21,381.6,378.55,-0.8,52.45,50.63,1329891,386.85,2026-08-07,352.65,2026-07-28,397.5,2026-08-20,415.0,2026-08-10
180,VBL,2026-08-24,2026-08-21,430.1,425.7,-1.02,37.83,35.79,3141934,431.85,2026-08-14,436.85,2026-08-05,443.3,2026-08-18,450.5,2026-08-10
181,NETWORK18,2026-08-24,2026-08-21,29.86,30.35,1.64,51.62,54.87,6724348,27.81,2026-08-19,28.57,2026-08-12,29.45,2026-08-17,30.3,2026-08-05
182,CROMPTON,2026-08-24,2026-08-21,252.0,246.75,-2.08,47.07,41.91,3695752,242.05,2026-08-19,241.55,2026-08-12,249.4,2026-08-17,271.0,2026-08-04
183,SUPRIYA,2026-08-24,2026-08-21,805.45,798.45,-0.87,42.09,40.92,69969,740.45,2026-08-14,820.0,2026-07-24,826.0,2026-08-20,951.0,2026-08-06
184,NETWEB,2026-08-24,2026-08-21,5601.0,5458.8,-2.54,68.4,63.87,2351203,4753.0,2026-08-12,4175.5,2026-07-30,5085.0,2026-08-10,4383.0,2026-07-22
185,ADANIENT,2026-08-24,2026-08-21,2997.0,2986.0,-0.37,45.71,44.15,678930,2967.3,2026-08-19,2932.8,2026-08-13,3058.6,2026-08-17,3062.0,2026-08-11
186,TRENT,2026-08-24,2026-08-21,2924.0,2902.0,-0.75,42.52,40.21,392195,2932.1,2026-08-18,2836.0,2026-07-24,3020.6,2026-08-14,3244.5,2026-08-06
187,WEBELSOLAR,2026-08-24,2026-08-21,82.8,81.3,-1.81,32.88,31.12,1359171,80.85,2026-08-17,94.2,2026-07-30,87.12,2026-08-19,97.7,2026-08-07
188,JAMNAAUTO,2026-08-24,2026-08-21,121.41,118.85,-2.11,37.77,34.9,1085888,121.48,2026-08-10,129.79,2026-07-30,148.9,2026-08-07,136.26,2026-07-27
189,AMBUJACEM,2026-08-24,2026-08-21,414.5,407.8,-1.62,41.68,37.47,1937811,405.5,2026-08-19,415.45,2026-07-24,450.5,2026-08-05,443.0,2026-07-29
190,LAURUSLABS,2026-08-24,2026-08-21,1802.0,1802.4,0.02,60.04,60.1,2281939,1769.4,2026-08-17,1554.9,2026-07-24,1870.8,2026-08-10,1856.6,2026-08-05
191,COFORGE,2026-08-24,2026-08-21,1891.7,1875.4,-0.86,72.61,69.55,1319063,1762.2,2026-08-18,1780.4,2026-08-12,1836.4,2026-08-14,1836.0,2026-08-11
192,SARDAEN,2026-08-24,2026-08-21,510.6,508.95,-0.32,50.35,49.39,203035,487.9,2026-08-12,495.1,2026-08-05,542.5,2026-08-13,538.0,2026-08-03
193,REDINGTON,2026-08-24,2026-08-21,350.55,364.85,4.08,66.36,71.01,8460139,322.7,2026-08-19,341.05,2026-08-07,364.5,2026-08-11,360.55,2026-08-05
194,SBICARD,2026-08-24,2026-08-21,649.0,654.45,0.84,53.42,55.38,1771345,610.0,2026-08-19,611.0,2026-07-24,674.2,2026-08-03,666.75,2026-07-28
195,HDFCAMC,2026-08-24,2026-08-21,2610.0,2611.8,0.07,55.07,55.27,523344,2470.2,2026-08-14,2533.0,2026-08-04,2574.9,2026-08-10,2644.8,2026-08-03
196,EXIDEIND,2026-08-24,2026-08-21,459.6,454.45,-1.12,52.26,49.3,1527400,420.35,2026-07-29,416.0,2026-07-13,496.4,2026-08-11,461.4,2026-07-30
197,UPL,2026-08-24,2026-08-21,569.0,567.15,-0.33,42.44,41.55,1277969,557.95,2026-08-19,558.05,2026-08-14,575.2,2026-08-20,622.6,2026-08-03
198,NAZARA,2026-08-24,2026-08-21,354.35,348.4,-1.68,68.89,60.83,850381,348.75,2026-08-18,350.0,2026-08-12,365.0,2026-08-20,362.0,2026-08-14
199,VIKRAMSOLR,2026-08-24,2026-08-21,173.23,173.2,-0.02,47.75,47.73,1855588,169.84,2026-08-20,155.38,2026-08-07,186.75,2026-08-18,182.75,2026-08-05
200,CGPOWER,2026-08-24,2026-08-21,867.0,870.9,0.45,45.16,46.39,1041705,860.2,2026-08-19,865.9,2026-08-11,900.0,2026-08-18,891.95,2026-08-05
201,HAL,2026-08-24,2026-08-21,5000.0,4884.0,-2.32,66.44,55.57,439436,4803.4,2026-08-12,4603.3,2026-08-05,5149.9,2026-08-17,5055.0,2026-08-12
202,FORTIS,2026-08-24,2026-08-21,907.1,910.55,0.38,41.55,42.9,271738,879.1,2026-08-12,903.35,2026-08-07,978.7,2026-08-10,979.6,2026-08-03
203,DLF,2026-08-24,2026-08-21,678.1,683.85,0.85,59.31,61.44,4154395,658.25,2026-08-18,635.05,2026-08-07,682.5,2026-08-18,670.9,2026-08-03
204,JAYNECOIND,2026-08-24,2026-08-21,99.89,103.6,3.71,68.07,72.18,9220262,86.75,2026-08-17,85.4,2026-07-31,93.93,2026-08-11,93.44,2026-08-06
205,LOTUSDEV,2026-08-24,2026-08-21,164.81,173.05,5.0,44.05,52.24,984239,163.5,2026-08-19,159.75,2026-08-12,177.0,2026-08-13,207.5,2026-08-03
206,RELIGARE,2026-08-24,2026-08-21,231.6,225.6,-2.59,37.48,33.11,1607134,226.7,2026-08-19,226.2,2026-08-12,242.0,2026-08-13,262.05,2026-08-04
207,SAPPHIRE,2026-08-24,2026-08-21,242.34,248.22,2.43,74.99,77.3,928040,229.05,2026-08-18,182.06,2026-08-03,240.27,2026-08-13,205.06,2026-07-30
208,NESTLEIND,2026-08-24,2026-08-21,1477.1,1464.0,-0.89,49.04,45.63,1109571,1453.0,2026-08-18,1491.3,2026-08-11,1553.0,2026-08-07,1535.9,2026-08-04
209,MCX,2026-08-24,2026-08-21,3185.0,3263.7,2.47,69.34,72.09,3058997,2892.1,2026-08-17,2603.2,2026-08-10,3023.7,2026-08-13,2777.9,2026-07-29
210,ANANTRAJ,2026-08-24,2026-08-21,625.0,615.9,-1.46,58.37,53.07,877233,621.0,2026-08-19,593.3,2026-08-10,649.0,2026-08-20,641.7,2026-08-03
211,RBLBANK,2026-08-24,2026-08-21,392.5,387.4,-1.3,62.75,56.78,2235658,376.4,2026-08-18,347.85,2026-07-24,392.0,2026-08-10,392.7,2026-08-05
212,DELHIVERY,2026-08-24,2026-08-21,450.7,445.2,-1.22,37.76,34.97,1682885,446.4,2026-08-19,452.5,2026-08-10,457.0,2026-08-20,486.75,2026-08-11
213,DABUR,2026-08-24,2026-08-21,400.5,397.6,-0.72,33.41,31.31,608949,405.05,2026-08-12,405.35,2026-08-04,438.0,2026-07-28,456.0,2026-07-07
214,CASTROLIND,2026-08-24,2026-08-21,187.77,187.24,-0.28,51.59,49.91,818470,186.1,2026-08-18,186.11,2026-08-12,190.9,2026-08-19,195.0,2026-08-06
215,INDHOTEL,2026-08-24,2026-08-21,730.0,726.7,-0.45,51.67,49.39,737366,712.5,2026-08-18,713.05,2026-08-12,737.1,2026-08-20,752.9,2026-08-05
216,CUB,2026-08-24,2026-08-21,217.3,212.71,-2.11,51.84,47.69,1225259,204.81,2026-08-17,200.74,2026-08-04,225.85,2026-08-19,218.6,2026-08-12
217,BAJAJHFL,2026-08-24,2026-08-21,84.85,84.05,-0.94,45.34,41.11,2223389,83.67,2026-08-17,83.55,2026-07-24,86.82,2026-08-20,88.4,2026-08-04
218,NLCINDIA,2026-08-24,2026-08-21,269.8,274.6,1.78,32.31,37.96,1375806,263.3,2026-08-19,291.0,2026-07-30,278.9,2026-08-17,307.7,2026-08-07
219,NTPCGREEN,2026-08-24,2026-08-21,91.43,91.55,0.13,43.27,44.08,2786623,91.29,2026-08-17,89.5,2026-07-31,93.29,2026-08-11,91.93,2026-08-04
220,JAINREC,2026-08-24,2026-08-21,295.85,295.1,-0.25,37.45,37.13,533634,287.5,2026-08-19,291.55,2026-08-14,307.5,2026-08-20,307.0,2026-08-14
221,NCC,2026-08-24,2026-08-21,149.56,147.88,-1.12,61.38,57.91,4422197,138.24,2026-08-18,134.1,2026-07-24,149.45,2026-08-07,145.81,2026-08-03
222,KPIGREEN,2026-08-24,2026-08-21,312.6,320.25,2.45,23.6,30.35,1030382,301.2,2026-08-17,366.85,2026-07-31,388.6,2026-08-04,398.0,2026-07-27
223,ITCHOTELS,2026-08-24,2026-08-21,164.98,164.46,-0.32,46.44,45.6,575091,162.5,2026-08-20,163.94,2026-08-14,167.9,2026-08-20,173.0,2026-08-10
224,SJVN,2026-08-24,2026-08-21,66.06,65.88,-0.27,30.09,29.03,861022,66.9,2026-08-11,67.56,2026-07-31,67.51,2026-08-14,70.43,2026-08-03
225,GAEL,2026-08-24,2026-08-21,177.46,179.86,1.35,57.95,59.68,1927222,165.0,2026-08-12,167.15,2026-08-07,184.03,2026-08-04,167.4,2026-07-03
226,BECTORFOOD,2026-08-24,2026-08-21,254.83,258.02,1.25,71.04,72.37,1743290,205.4,2026-07-31,196.51,2026-07-24,265.8,2026-08-19,219.5,2026-07-30
227,ARVIND,2026-08-24,2026-08-21,536.95,543.85,1.29,49.56,51.8,642825,511.8,2026-08-19,528.3,2026-08-13,578.0,2026-08-14,574.25,2026-08-11
228,APOLLOHOSP,2026-08-24,2026-08-21,8693.0,8649.0,-0.51,44.9,43.03,251948,8507.5,2026-08-12,8760.0,2026-08-04,8984.0,2026-08-17,9050.0,2026-08-04
229,FINCABLES,2026-08-24,2026-08-21,1260.5,1292.0,2.5,64.77,67.51,679916,1250.0,2026-08-20,1231.65,2026-08-14,1339.3,2026-08-18,1374.0,2026-08-12
230,ABCAPITAL,2026-08-24,2026-08-21,413.0,411.55,-0.35,56.14,55.11,1764038,393.8,2026-08-18,401.0,2026-08-10,430.7,2026-08-03,401.05,2026-07-27
231,MMTC,2026-08-24,2026-08-21,65.38,64.87,-0.78,55.3,53.08,1005223,61.55,2026-08-19,63.3,2026-08-10,67.58,2026-08-20,66.2,2026-08-12
232,THYROCARE,2026-08-24,2026-08-21,565.55,583.1,3.1,44.15,49.38,331282,594.0,2026-08-13,588.5,2026-08-06,662.0,2026-08-12,612.7,2026-08-05
233,J&KBANK,2026-08-24,2026-08-21,149.01,146.91,-1.41,38.02,36.02,751567,147.13,2026-08-17,153.3,2026-08-11,152.3,2026-08-20,158.64,2026-08-13
234,IEX,2026-08-24,2026-08-21,123.7,123.27,-0.35,44.52,43.34,1721270,122.1,2026-08-19,123.9,2026-08-12,134.76,2026-07-29,126.8,2026-07-17
235,SCI,2026-08-24,2026-08-21,290.55,288.2,-0.81,48.43,46.5,785509,284.1,2026-08-18,291.35,2026-08-11,300.2,2026-08-19,303.7,2026-08-13
236,PARADEEP,2026-08-24,2026-08-21,148.48,149.42,0.63,55.23,56.73,2446060,145.07,2026-08-18,146.61,2026-08-12,152.7,2026-08-19,153.4,2026-08-11
237,JSWENERGY,2026-08-24,2026-08-21,544.95,544.9,-0.01,42.52,42.49,607171,540.1,2026-08-20,540.05,2026-07-28,583.4,2026-08-11,572.0,2026-08-05
238,DCBBANK,2026-08-24,2026-08-21,203.59,199.72,-1.9,64.96,60.39,2146045,180.0,2026-08-19,182.08,2026-08-11,196.76,2026-08-07,204.74,2026-07-27
239,GRAPHITE,2026-08-24,2026-08-21,710.75,721.85,1.56,55.52,58.8,428582,654.35,2026-08-03,638.0,2026-07-29,744.5,2026-08-19,748.5,2026-08-14
240,JMFINANCIL,2026-08-24,2026-08-21,128.24,129.73,1.16,54.2,56.95,2796978,124.72,2026-08-18,117.7,2026-08-03,132.39,2026-08-13,131.65,2026-08-05
241,SKYGOLD,2026-08-24,2026-08-21,803.5,801.2,-0.29,68.28,67.63,575879,763.5,2026-08-14,632.55,2026-07-30,800.0,2026-08-18,848.0,2026-08-13
242,NAVA,2026-08-24,2026-08-21,558.95,567.8,1.58,43.71,47.82,485911,545.15,2026-08-19,568.1,2026-08-11,598.5,2026-08-12,600.45,2026-08-06
243,HINDUNILVR,2026-08-24,2026-08-21,2015.0,2022.5,0.37,36.95,38.65,629059,2008.3,2026-08-19,2050.1,2026-08-12,2092.0,2026-08-13,2099.4,2026-08-07
244,LODHA,2026-08-24,2026-08-21,1242.0,1260.3,1.47,58.34,61.22,1066371,1195.2,2026-08-19,1185.0,2026-08-12,1260.0,2026-08-18,1264.2,2026-08-05
245,RCF,2026-08-24,2026-08-21,118.16,119.52,1.15,26.15,32.73,648200,124.95,2026-07-30,121.62,2026-07-24,126.79,2026-08-14,129.14,2026-08-06
246,STLTECH,2026-08-24,2026-08-21,627.15,658.5,5.0,56.45,63.0,1867585,603.9,2026-08-07,497.3,2026-07-30,683.5,2026-08-13,666.3,2026-08-06
247,UTLSOLAR,2026-08-24,2026-08-21,477.4,465.95,-2.4,77.08,70.61,233617,382.7,2026-08-12,359.05,2026-07-30,494.25,2026-08-20,424.8,2026-08-10
248,INOXGREEN,2026-08-24,2026-08-21,178.34,173.75,-2.57,44.27,39.91,260903,173.0,2026-08-20,165.0,2026-08-03,189.0,2026-08-13,202.58,2026-07-27
249,MAZDOCK,2026-08-24,2026-08-21,2552.0,2542.5,-0.37,60.18,58.41,301299,2538.0,2026-08-19,2485.9,2026-08-12,2619.5,2026-08-17,2588.8,2026-08-11
250,EMMVEE,2026-08-24,2026-08-21,324.0,326.0,0.62,50.24,51.68,970053,314.35,2026-08-19,313.45,2026-08-12,339.6,2026-08-20,326.65,2026-08-17
251,RTNINDIA,2026-08-24,2026-08-21,30.45,30.12,-1.08,42.05,39.8,1498916,28.5,2026-08-20,29.95,2026-08-17,31.45,2026-08-18,33.77,2026-08-05
252,ADANIGREEN,2026-08-24,2026-08-21,1320.0,1307.4,-0.95,38.2,36.28,530927,1281.1,2026-08-19,1314.0,2026-08-13,1416.0,2026-08-11,1427.0,2026-08-03
253,SENCO,2026-08-24,2026-08-21,345.4,371.5,7.56,41.84,52.77,4101913,329.05,2026-08-19,366.5,2026-08-03,406.7,2026-08-06,430.0,2026-07-27
254,MARICO,2026-08-24,2026-08-21,849.25,847.8,-0.17,47.01,46.36,680119,840.35,2026-08-19,839.05,2026-08-12,867.35,2026-08-17,889.1,2026-07-30
255,NAUKRI,2026-08-24,2026-08-21,1350.1,1341.2,-0.66,65.39,63.22,934665,1331.1,2026-08-18,1222.6,2026-08-07,1390.1,2026-08-20,1391.0,2026-08-11
256,TATACONSUM,2026-08-24,2026-08-21,1049.0,1058.2,0.88,39.93,42.99,804375,1054.3,2026-08-12,1079.7,2026-08-04,1109.8,2026-08-10,1110.0,2026-08-03
257,SHILPAMED,2026-08-24,2026-08-21,814.95,850.85,4.41,74.5,78.73,2670220,802.35,2026-08-19,769.1,2026-08-13,825.0,2026-08-17,825.0,2026-08-14
258,INDUSINDBK,2026-08-24,2026-08-21,1005.6,1014.6,0.89,48.59,52.21,782912,1002.5,2026-08-17,1004.4,2026-08-07,1026.6,2026-08-14,1038.0,2026-08-05
259,HCLTECH,2026-08-24,2026-08-21,1302.5,1318.0,1.19,49.96,53.3,889023,1292.5,2026-08-18,1340.4,2026-08-12,1345.3,2026-08-20,1374.9,2026-08-14
260,M&M,2026-08-24,2026-08-21,3412.2,3409.1,-0.09,56.89,56.51,919861,3371.1,2026-08-19,3378.3,2026-08-14,3456.4,2026-08-20,3451.9,2026-08-17
261,COCHINSHIP,2026-08-24,2026-08-21,1480.5,1512.4,2.15,54.03,60.04,626476,1435.0,2026-08-17,1415.6,2026-08-05,1506.5,2026-08-19,1536.9,2026-08-13
262,AUBANK,2026-08-24,2026-08-21,1108.2,1109.6,0.13,63.89,64.2,1181798,1063.7,2026-08-19,1048.3,2026-08-11,1101.1,2026-08-13,1105.9,2026-08-06
263,JAIBALAJI,2026-08-24,2026-08-21,63.57,65.31,2.74,44.97,49.41,245432,64.45,2026-08-13,61.0,2026-08-06,73.4,2026-08-17,69.5,2026-08-11
264,TEXRAIL,2026-08-24,2026-08-21,104.57,104.02,-0.53,42.0,41.02,689126,102.1,2026-08-19,106.95,2026-08-05,115.18,2026-08-04,113.99,2026-07-27
265,TENNIND,2026-08-24,2026-08-21,576.15,557.5,-3.24,58.94,50.09,666971,525.0,2026-08-12,541.0,2026-08-06,584.9,2026-08-07,584.9,2026-08-05
266,JSWSTEEL,2026-08-24,2026-08-21,1293.7,1322.1,2.2,55.74,62.78,2602595,1250.4,2026-08-17,1228.1,2026-07-24,1297.0,2026-08-17,1335.0,2026-08-06
267,JKTYRE,2026-08-24,2026-08-21,374.7,382.05,1.96,37.14,43.71,531765,381.8,2026-08-10,393.0,2026-07-30,422.0,2026-08-05,423.95,2026-07-16
268,IIFL,2026-08-24,2026-08-21,679.8,701.15,3.14,77.89,80.96,3261278,617.4,2026-08-19,603.35,2026-08-06,641.65,2026-08-14,623.0,2026-07-31
269,EMBDL,2026-08-24,2026-08-21,64.87,63.66,-1.87,58.44,53.44,976028,60.86,2026-08-17,59.81,2026-08-06,64.2,2026-08-18,69.6,2026-08-11
270,BAJAJFINSV,2026-08-24,2026-08-21,2032.5,2001.9,-1.51,61.15,54.26,348542,1985.0,2026-08-19,1988.0,2026-08-07,2118.5,2026-08-05,1904.8,2026-07-21
271,SPARC,2026-08-24,2026-08-21,196.71,195.44,-0.65,37.58,36.7,307313,191.88,2026-08-18,206.5,2026-08-05,203.23,2026-08-20,222.8,2026-08-06
272,AVANTIFEED,2026-08-24,2026-08-21,847.5,859.4,1.4,32.84,37.1,173024,829.9,2026-08-12,952.0,2026-07-24,883.5,2026-08-18,919.5,2026-08-10
273,LT,2026-08-24,2026-08-21,4093.0,4087.8,-0.13,60.4,59.61,995940,4024.8,2026-08-19,3990.0,2026-08-13,4086.7,2026-08-17,4080.0,2026-08-10
274,GMRP&UI,2026-08-24,2026-08-21,96.58,96.39,-0.2,45.56,45.02,432861,95.1,2026-08-19,95.0,2026-08-12,99.8,2026-08-19,100.29,2026-08-13
275,IRCTC,2026-08-24,2026-08-21,484.2,482.0,-0.45,35.9,34.66,708612,485.3,2026-07-28,488.55,2026-07-23,527.0,2026-08-10,517.5,2026-08-03
276,CMSINFO,2026-08-24,2026-08-21,247.0,249.1,0.85,36.88,38.72,447144,240.5,2026-08-19,253.4,2026-08-12,288.0,2026-08-10,280.5,2026-08-04
277,SONACOMS,2026-08-24,2026-08-21,817.6,810.3,-0.89,68.56,64.85,1475784,790.0,2026-08-14,704.15,2026-07-23,844.0,2026-08-20,836.9,2026-08-10
278,GNFC,2026-08-24,2026-08-21,582.8,592.2,1.61,63.36,66.01,264972,532.55,2026-08-10,509.1,2026-07-31,619.0,2026-08-18,561.95,2026-08-06
279,GMDCLTD,2026-08-24,2026-08-21,570.0,570.3,0.05,45.69,45.84,542271,555.8,2026-08-19,580.15,2026-08-10,617.15,2026-08-12,579.7,2026-07-30
280,TATACAP,2026-08-24,2026-08-21,365.05,364.95,-0.03,54.04,53.93,985938,355.1,2026-08-18,362.9,2026-08-10,372.4,2026-08-20,390.2,2026-08-06
281,OLECTRA,2026-08-24,2026-08-21,1318.4,1312.4,-0.46,43.83,42.8,152214,1284.0,2026-08-20,1365.0,2026-08-10,1416.6,2026-08-11,1421.0,2026-08-06
282,EIEL,2026-08-24,2026-08-21,194.73,195.04,0.16,35.05,35.46,432700,195.67,2026-08-14,212.3,2026-07-30,219.39,2026-08-11,228.84,2026-08-04
283,BERGEPAINT,2026-08-24,2026-08-21,524.4,516.2,-1.56,48.2,44.52,114952,497.25,2026-07-29,488.9,2026-07-24,565.9,2026-08-13,557.3,2026-08-06
284,ASTRAL,2026-08-24,2026-08-21,1528.5,1534.6,0.4,58.58,59.46,261138,1516.2,2026-08-19,1418.7,2026-08-11,1577.0,2026-08-19,1600.0,2026-08-13
285,TTML,2026-08-24,2026-08-21,37.78,37.49,-0.77,34.19,32.17,772325,37.4,2026-08-20,38.0,2026-08-12,40.32,2026-08-13,41.2,2026-07-31
286,SUNPHARMA,2026-08-24,2026-08-21,1902.4,1906.7,0.23,43.05,44.56,1972209,1868.3,2026-08-18,1925.1,2026-08-07,1949.8,2026-08-17,2046.9,2026-07-31
287,IGL,2026-08-24,2026-08-21,147.87,147.95,0.05,38.75,38.98,3226293,147.65,2026-08-17,151.21,2026-08-10,157.68,2026-08-19,155.5,2026-08-13
288,CAMS,2026-08-24,2026-08-21,753.0,753.65,0.09,40.27,40.61,601780,778.05,2026-08-07,747.35,2026-07-24,830.5,2026-08-04,785.4,2026-07-21
289,LICHSGFIN,2026-08-24,2026-08-21,497.0,488.5,-1.71,36.37,32.55,3720747,495.9,2026-08-18,499.2,2026-08-11,511.45,2026-08-20,509.0,2026-08-13
290,ELECTCAST,2026-08-24,2026-08-21,73.87,73.21,-0.89,53.59,50.86,1204198,70.35,2026-08-17,70.76,2026-08-10,77.1,2026-08-11,74.15,2026-08-05
291,PGEL,2026-08-24,2026-08-21,600.55,600.8,0.04,50.56,50.68,504434,584.5,2026-08-19,597.0,2026-08-06,643.95,2026-08-07,631.0,2026-07-16
292,HAVELLS,2026-08-24,2026-08-21,1268.0,1267.3,-0.06,53.33,53.04,236920,1254.3,2026-08-13,1141.2,2026-07-17,1315.0,2026-08-17,1301.5,2026-08-04
293,TEJASNET,2026-08-24,2026-08-21,510.45,514.0,0.7,43.07,44.76,893548,511.05,2026-08-10,488.05,2026-07-24,546.85,2026-08-14,547.15,2026-08-11
294,MSTCLTD,2026-08-24,2026-08-21,701.45,738.45,5.27,66.56,71.63,817504,570.0,2026-08-11,595.0,2026-08-04,722.0,2026-08-19,616.95,2026-08-06
295,RALLIS,2026-08-24,2026-08-21,212.18,211.6,-0.27,39.16,38.25,342707,211.0,2026-08-19,207.53,2026-08-12,215.5,2026-08-20,216.2,2026-08-14
296,AUROPHARMA,2026-08-24,2026-08-21,1621.3,1619.5,-0.11,53.99,53.61,650240,1536.8,2026-08-04,1512.0,2026-07-24,1682.4,2026-08-13,1671.9,2026-08-10
297,GODREJAGRO,2026-08-24,2026-08-21,574.55,573.2,-0.23,52.63,52.02,114274,571.4,2026-08-19,534.3,2026-08-06,601.2,2026-08-17,558.9,2026-08-10
298,KFINTECH,2026-08-24,2026-08-21,980.0,970.0,-1.02,62.68,59.51,1133249,936.8,2026-08-20,911.7,2026-08-14,981.05,2026-08-17,961.25,2026-08-04
299,SYRMA,2026-08-24,2026-08-21,1439.3,1453.3,0.97,52.69,54.74,589622,1415.7,2026-08-20,1451.0,2026-08-13,1525.8,2026-08-20,1543.0,2026-08-11
300,HDFCLIFE,2026-08-24,2026-08-21,554.8,550.25,-0.82,54.52,51.2,1823345,533.3,2026-08-19,531.05,2026-08-10,544.3,2026-08-17,561.95,2026-07-29
301,BHARATFORG,2026-08-24,2026-08-21,2063.0,2042.7,-0.98,42.0,39.56,755422,2028.0,2026-08-11,2141.4,2026-07-30,2295.0,2026-08-10,2232.5,2026-08-03
302,ZYDUSLIFE,2026-08-24,2026-08-21,1120.0,1101.4,-1.66,48.17,43.88,697016,1093.2,2026-08-07,1095.2,2026-07-28,1205.0,2026-08-12,1205.0,2026-08-11
303,LXCHEM,2026-08-24,2026-08-21,173.21,173.41,0.12,47.74,47.99,902925,173.31,2026-08-18,171.93,2026-08-12,181.09,2026-08-18,189.14,2026-08-05
304,TATATECH,2026-08-24,2026-08-21,820.75,798.1,-2.76,55.49,50.0,832176,805.95,2026-08-19,832.1,2026-08-13,891.0,2026-08-11,777.0,2026-07-30
305,FSL,2026-08-24,2026-08-21,276.05,274.15,-0.69,50.47,49.37,392926,263.1,2026-08-19,251.1,2026-07-24,341.9,2026-08-05,272.0,2026-07-21
306,GLAND,2026-08-24,2026-08-21,2819.3,2807.2,-0.43,62.25,60.96,404202,2351.1,2026-07-22,2416.4,2026-07-13,3039.8,2026-08-14,2988.4,2026-08-11
307,GVT&D,2026-08-24,2026-08-21,4127.2,4175.4,1.17,39.94,42.65,769230,4051.0,2026-08-06,3962.2,2026-07-28,4549.0,2026-08-12,4452.0,2026-08-06
308,CIPLA,2026-08-24,2026-08-21,1432.2,1435.1,0.2,45.93,47.1,838753,1443.5,2026-08-05,1366.1,2026-07-23,1474.3,2026-08-14,1488.1,2026-08-06
309,APTUS,2026-08-24,2026-08-21,257.75,253.75,-1.55,42.82,39.47,686595,246.45,2026-08-17,251.0,2026-08-11,261.7,2026-08-18,288.4,2026-07-31
310,BBOX,2026-08-24,2026-08-21,775.65,762.9,-1.64,46.26,43.9,192016,750.0,2026-08-20,721.5,2026-08-12,842.5,2026-08-13,796.0,2026-08-03
311,ZAGGLE,2026-08-24,2026-08-21,200.12,192.99,-3.56,50.92,46.74,3388908,154.36,2026-08-18,198.5,2026-08-12,211.35,2026-08-05,210.8,2026-07-29
312,ICICIPRULI,2026-08-24,2026-08-21,515.0,508.45,-1.27,56.97,52.0,579776,493.85,2026-08-19,491.05,2026-08-11,512.0,2026-08-14,522.35,2026-08-03
313,IRCON,2026-08-24,2026-08-21,124.72,123.31,-1.13,41.86,38.94,733790,122.21,2026-08-19,121.75,2026-08-13,128.0,2026-08-20,133.82,2026-08-05
314,TDPOWERSYS,2026-08-24,2026-08-21,767.4,775.1,1.0,69.36,70.22,1100847,465.0,2026-07-30,551.05,2026-07-17,798.85,2026-08-18,765.0,2026-08-12
315,CHENNPETRO,2026-08-24,2026-08-21,1393.5,1415.8,1.6,59.15,60.95,1390480,1379.6,2026-08-20,1220.3,2026-08-07,1489.7,2026-08-19,1449.0,2026-08-11
316,POLICYBZR,2026-08-24,2026-08-21,1795.2,1785.4,-0.55,70.56,68.26,662722,1721.1,2026-08-18,1578.4,2026-08-06,1673.9,2026-08-06,1650.0,2026-08-03
317,AMBER,2026-08-24,2026-08-21,7350.0,7380.0,0.41,49.45,50.68,416985,7205.0,2026-08-19,6951.0,2026-08-12,7408.0,2026-08-18,7557.0,2026-08-07
318,SAREGAMA,2026-08-24,2026-08-21,506.55,511.25,0.93,47.78,49.51,604596,509.25,2026-08-10,493.7,2026-08-04,543.3,2026-08-11,574.5,2026-08-05
319,INDIANB,2026-08-24,2026-08-21,876.9,872.6,-0.49,56.55,54.44,580821,865.0,2026-08-19,873.1,2026-08-12,903.8,2026-08-13,901.8,2026-08-10
320,CHOLAHLDNG,2026-08-24,2026-08-21,1561.8,1550.0,-0.76,47.12,45.14,84997,1540.7,2026-08-17,1400.1,2026-08-12,1642.7,2026-08-14,1658.0,2026-08-07
321,ASHOKA,2026-08-24,2026-08-21,114.22,113.19,-0.9,36.93,34.66,591672,111.0,2026-08-17,119.25,2026-07-24,122.8,2026-08-05,124.35,2026-07-29
322,GICRE,2026-08-24,2026-08-21,355.75,356.95,0.34,45.8,47.7,329782,347.05,2026-08-14,351.5,2026-08-10,363.1,2026-08-19,358.5,2026-08-12
323,TVSSCS,2026-08-24,2026-08-21,121.44,134.28,10.57,35.73,56.63,35312769,120.4,2026-08-19,120.4,2026-08-17,137.0,2026-08-12,139.6,2026-08-04
324,SHYAMMETL,2026-08-24,2026-08-21,984.9,997.1,1.24,44.28,49.0,93910,970.0,2026-08-14,1013.95,2026-07-30,1004.8,2026-08-17,1040.8,2026-08-06
325,ELLEN,2026-08-24,2026-08-21,328.5,322.0,-1.98,65.87,61.17,468916,317.7,2026-08-19,286.7,2026-08-12,338.2,2026-08-20,343.95,2026-08-14
326,SANDUMA,2026-08-24,2026-08-21,198.93,205.09,3.1,43.02,52.6,532720,195.0,2026-08-19,209.05,2026-08-04,217.1,2026-08-06,218.25,2026-07-30
327,SANSERA,2026-08-24,2026-08-21,3876.9,3865.2,-0.3,63.48,62.7,111201,3857.5,2026-08-19,3600.0,2026-08-13,4040.4,2026-08-18,3938.0,2026-08-10
328,KARURVYSYA,2026-08-24,2026-08-21,335.5,338.2,0.8,56.31,58.74,949138,326.6,2026-08-17,330.25,2026-08-11,341.95,2026-08-20,340.0,2026-08-13
329,KAYNES,2026-08-24,2026-08-21,3890.0,3871.2,-0.48,63.69,62.4,1078063,3630.1,2026-08-17,3535.0,2026-08-10,3963.2,2026-08-05,3478.4,2026-07-16
330,JYOTICNC,2026-08-24,2026-08-21,988.8,983.3,-0.56,76.5,74.96,692335,738.9,2026-08-07,777.0,2026-07-24,873.0,2026-08-07,874.75,2026-08-04
331,PIDILITIND,2026-08-24,2026-08-21,1649.0,1653.4,0.27,51.91,52.91,469526,1644.1,2026-08-19,1601.0,2026-07-31,1707.5,2026-08-14,1686.4,2026-08-06
332,ASIANPAINT,2026-08-24,2026-08-21,2640.0,2628.5,-0.44,39.54,37.95,276328,2601.0,2026-08-19,2695.0,2026-08-07,2755.5,2026-08-13,2810.0,2026-08-03
333,HBLENGINE,2026-08-24,2026-08-21,702.55,692.0,-1.5,46.47,43.41,512603,661.25,2026-08-19,685.2,2026-07-24,727.05,2026-08-20,745.0,2026-08-05
334,PICCADIL,2026-08-24,2026-08-21,709.8,689.9,-2.8,50.36,46.42,221442,638.7,2026-08-17,736.95,2026-08-07,723.0,2026-08-20,809.7,2026-08-11
335,ASAHIINDIA,2026-08-24,2026-08-21,965.75,957.9,-0.81,65.49,62.57,85998,879.1,2026-08-12,886.15,2026-08-06,974.0,2026-08-19,920.95,2026-08-11
336,GSFC,2026-08-24,2026-08-21,158.23,159.59,0.86,43.32,47.71,711727,157.16,2026-08-13,158.43,2026-07-31,164.25,2026-08-19,164.45,2026-08-13
337,KPITTECH,2026-08-24,2026-08-21,589.3,583.15,-1.04,42.66,40.69,864364,585.5,2026-08-19,575.5,2026-07-31,640.7,2026-08-06,662.65,2026-07-29
338,AWFIS,2026-08-24,2026-08-21,268.2,276.0,2.91,41.72,49.66,865006,262.0,2026-08-20,264.0,2026-08-12,279.9,2026-08-14,287.15,2026-08-05
339,RATEGAIN,2026-08-24,2026-08-21,990.05,970.2,-2.0,60.95,56.89,437396,920.0,2026-08-19,878.65,2026-08-13,955.5,2026-08-17,1050.0,2026-08-06
340,ALKEM,2026-08-24,2026-08-21,5400.0,5358.0,-0.78,41.06,38.68,35865,5175.0,2026-08-14,5503.0,2026-07-22,5510.0,2026-08-18,5700.0,2026-08-10
341,PERSISTENT,2026-08-24,2026-08-21,5667.5,5669.0,0.03,64.45,64.51,279613,5442.5,2026-08-18,5390.0,2026-08-12,5618.5,2026-08-14,5594.0,2026-08-07
342,HYUNDAI,2026-08-24,2026-08-21,2218.8,2211.6,-0.32,63.85,62.37,384638,2160.1,2026-08-19,2181.6,2026-08-06,2273.9,2026-08-13,2251.5,2026-08-10
343,GLENMARK,2026-08-24,2026-08-21,2317.9,2374.6,2.45,56.68,62.57,584061,2222.5,2026-08-19,2245.0,2026-08-11,2341.6,2026-08-14,2270.2,2026-07-30
344,CHOLAFIN,2026-08-24,2026-08-21,1862.9,1833.6,-1.57,52.39,48.13,749557,1853.1,2026-08-19,1862.0,2026-08-10,1907.0,2026-08-20,1927.9,2026-08-13
345,PCBL,2026-08-24,2026-08-21,317.55,321.0,1.09,48.41,50.41,1201131,308.15,2026-08-17,313.3,2026-07-31,333.85,2026-08-19,335.9,2026-08-06
346,NIVABUPA,2026-08-24,2026-08-21,82.62,82.68,0.07,37.68,38.08,885633,82.1,2026-08-17,84.66,2026-07-31,84.5,2026-08-19,91.4,2026-07-31
347,AZAD,2026-08-24,2026-08-21,2837.8,2800.9,-1.3,68.24,65.26,251990,2328.0,2026-08-10,2250.0,2026-07-30,2986.6,2026-08-17,2589.0,2026-08-10
348,ASTERDM,2026-08-24,2026-08-21,761.55,751.7,-1.29,32.12,30.0,5971106,809.6,2026-08-06,799.2,2026-07-31,844.9,2026-08-17,891.3,2026-08-10
349,KEC,2026-08-24,2026-08-21,435.95,431.85,-0.94,35.39,33.76,434192,418.0,2026-08-20,460.3,2026-07-28,480.45,2026-08-10,487.8,2026-08-04
350,UNITDSPR,2026-08-24,2026-08-21,1556.0,1550.2,-0.37,65.47,63.61,287400,1512.0,2026-08-19,1510.1,2026-08-14,1550.0,2026-08-18,1548.7,2026-08-11
351,IXIGO,2026-08-24,2026-08-21,170.3,167.84,-1.44,37.49,35.84,856417,168.01,2026-08-19,170.45,2026-08-13,207.35,2026-08-06,197.99,2026-07-27
352,SONATSOFTW,2026-08-24,2026-08-21,304.0,307.15,1.04,45.45,47.32,454749,314.65,2026-08-10,280.5,2026-07-24,359.5,2026-08-05,313.95,2026-07-20
353,ANURAS,2026-08-24,2026-08-21,1243.7,1255.8,0.97,57.72,62.55,466775,1192.3,2026-08-17,1194.7,2026-08-12,1233.8,2026-08-14,1224.0,2026-08-06
354,APLAPOLLO,2026-08-24,2026-08-21,2139.0,2147.1,0.38,76.85,77.48,192749,1989.4,2026-08-13,1805.0,2026-07-31,1842.0,2026-07-10,1838.7,2026-07-06
355,LUPIN,2026-08-24,2026-08-21,2201.8,2189.9,-0.54,29.34,28.17,363096,2235.0,2026-08-10,2340.0,2026-07-24,2427.7,2026-08-06,2474.8,2026-07-30
356,TITAN,2026-08-24,2026-08-21,5086.1,5067.7,-0.36,68.83,66.25,187388,4820.9,2026-07-31,4604.1,2026-07-24,5110.0,2026-08-20,5111.0,2026-08-17
357,GREAVESCOT,2026-08-24,2026-08-21,192.48,193.06,0.3,36.85,37.43,672919,190.3,2026-08-20,190.57,2026-08-12,200.95,2026-08-18,201.25,2026-08-13
358,OSWALPUMPS,2026-08-24,2026-08-21,299.6,296.6,-1.0,33.01,31.94,304761,291.2,2026-08-19,297.15,2026-08-10,313.0,2026-08-14,408.4,2026-07-16
359,RHIM,2026-08-24,2026-08-21,375.25,375.45,0.05,40.23,40.37,146671,371.5,2026-08-17,383.3,2026-07-30,381.95,2026-08-19,433.0,2026-08-10
360,AXISCADES,2026-08-24,2026-08-21,1597.5,1565.0,-2.03,51.3,47.28,70472,1416.1,2026-08-14,1470.3,2026-07-28,1630.0,2026-08-18,1644.0,2026-08-06
361,ZENSARTECH,2026-08-24,2026-08-21,483.55,478.15,-1.12,44.27,42.06,544261,476.45,2026-08-19,489.8,2026-08-12,509.95,2026-08-11,553.1,2026-07-29
362,NIACL,2026-08-24,2026-08-21,184.13,184.9,0.42,57.46,58.36,465873,176.6,2026-08-14,174.8,2026-08-10,189.0,2026-08-19,187.1,2026-08-12
363,BLUEJET,2026-08-24,2026-08-21,596.15,589.1,-1.18,54.44,51.36,1336791,582.4,2026-08-17,578.55,2026-08-12,612.95,2026-08-18,599.8,2026-08-13
364,WABAG,2026-08-24,2026-08-21,2003.3,2025.2,1.09,52.98,54.77,403093,1861.9,2026-08-13,1856.0,2026-07-28,2027.0,2026-08-03,2138.2,2026-07-21
365,SBILIFE,2026-08-24,2026-08-21,1792.9,1767.4,-1.42,40.52,35.2,363668,1746.4,2026-08-19,1856.6,2026-08-04,1915.0,2026-08-03,1880.6,2026-07-15
366,AGARWALEYE,2026-08-24,2026-08-21,500.2,498.45,-0.35,49.29,48.39,200036,491.7,2026-08-20,493.6,2026-08-13,567.75,2026-08-11,553.0,2026-08-05
367,BSOFT,2026-08-24,2026-08-21,303.75,300.85,-0.95,46.73,44.35,742300,304.5,2026-08-18,277.25,2026-07-24,314.0,2026-08-20,330.0,2026-08-11
368,MOIL,2026-08-24,2026-08-21,252.85,255.55,1.07,28.42,32.52,706249,276.9,2026-08-10,257.9,2026-07-24,288.95,2026-08-12,289.5,2026-08-06
369,TVSMOTOR,2026-08-24,2026-08-21,4390.0,4367.8,-0.51,66.42,64.14,443119,4297.1,2026-08-14,3823.3,2026-07-24,4408.0,2026-08-20,4475.0,2026-08-10
370,PNGJL,2026-08-24,2026-08-21,602.9,618.35,2.56,42.51,49.52,380044,602.0,2026-08-20,627.1,2026-08-06,717.0,2026-07-29,611.0,2026-07-13
371,SBFC,2026-08-24,2026-08-21,93.93,92.26,-1.78,54.79,46.03,534170,91.55,2026-08-19,92.35,2026-08-10,94.53,2026-08-18,94.75,2026-08-12
372,FEDFINA,2026-08-24,2026-08-21,156.84,159.63,1.78,57.26,61.05,1029836,149.04,2026-08-17,148.02,2026-08-10,156.75,2026-08-11,156.8,2026-08-03
373,WELCORP,2026-08-24,2026-08-21,2311.9,2407.7,4.14,90.22,91.52,5049891,1846.0,2026-08-17,1566.2,2026-07-24,1700.0,2026-07-29,1698.8,2026-07-15
374,DEEPAKFERT,2026-08-24,2026-08-21,1449.2,1485.2,2.48,37.57,44.53,210165,1444.6,2026-08-13,1511.2,2026-07-31,1528.5,2026-08-17,1681.0,2026-08-04
375,PRICOLLTD,2026-08-24,2026-08-21,797.2,791.3,-0.74,70.96,68.47,187351,726.8,2026-08-10,597.0,2026-07-23,823.0,2026-08-20,782.5,2026-08-05
376,CELLO,2026-08-24,2026-08-21,361.45,359.85,-0.44,48.33,47.53,149729,357.0,2026-08-19,353.0,2026-08-10,382.4,2026-08-11,408.8,2026-08-05
377,PNCINFRA,2026-08-24,2026-08-21,206.76,204.25,-1.21,33.46,32.05,325715,206.5,2026-08-11,229.53,2026-07-23,261.0,2026-08-05,244.98,2026-07-27
378,TIINDIA,2026-08-24,2026-08-21,2885.8,2868.3,-0.61,52.36,50.93,101062,2685.0,2026-08-17,2685.0,2026-08-14,2989.0,2026-08-18,2848.3,2026-08-13
379,PREMIERENE,2026-08-24,2026-08-21,1053.0,1029.5,-2.23,54.61,48.55,544909,1002.0,2026-08-19,1022.0,2026-08-07,1063.0,2026-08-07,1054.0,2026-08-04
380,ICICIGI,2026-08-24,2026-08-21,1617.0,1620.6,0.22,40.85,41.83,543124,1611.0,2026-08-19,1608.8,2026-08-10,1650.0,2026-08-20,1771.0,2026-08-05
381,ICIL,2026-08-24,2026-08-21,443.55,435.0,-1.93,62.22,58.29,415419,371.3,2026-08-17,398.05,2026-07-31,462.0,2026-08-18,445.15,2026-08-12
382,ABDL,2026-08-24,2026-08-21,595.0,610.7,2.64,42.43,48.59,375995,591.1,2026-08-14,584.75,2026-08-07,638.0,2026-08-13,631.0,2026-08-05
383,GESHIP,2026-08-24,2026-08-21,1311.3,1322.6,0.86,43.19,45.47,472440,1261.0,2026-08-17,1345.9,2026-07-31,1342.0,2026-08-19,1598.9,2026-08-04
384,AEGISLOG,2026-08-24,2026-08-21,1417.9,1340.9,-5.43,61.5,53.15,768606,1241.5,2026-08-13,1222.3,2026-07-31,1497.8,2026-08-06,1410.0,2026-07-23
385,MUTHOOTFIN,2026-08-24,2026-08-21,3022.0,3200.0,5.89,56.22,67.13,2895552,2829.1,2026-08-17,2870.5,2026-08-07,2963.0,2026-08-11,2959.4,2026-08-06
386,NAM-INDIA,2026-08-24,2026-08-21,1251.0,1253.0,0.16,63.12,63.41,728570,1155.1,2026-08-17,1160.7,2026-08-11,1215.0,2026-08-05,1232.8,2026-07-10
387,SHAREINDIA,2026-08-24,2026-08-21,174.13,173.3,-0.48,52.39,51.23,143062,165.0,2026-08-12,170.01,2026-07-31,178.85,2026-08-20,182.07,2026-08-03
388,KITEX,2026-08-24,2026-08-21,124.95,127.88,2.34,24.57,31.72,363896,123.15,2026-08-20,132.01,2026-08-12,141.0,2026-08-14,149.19,2026-08-03
389,HEROMOTOCO,2026-08-24,2026-08-21,5735.0,5667.0,-1.19,64.53,59.28,216433,5541.0,2026-08-07,4865.2,2026-07-14,5937.0,2026-08-11,5198.3,2026-07-23
390,JWL,2026-08-24,2026-08-21,247.0,248.0,0.4,37.19,38.99,593880,257.0,2026-08-10,256.1,2026-08-05,253.95,2026-08-20,268.95,2026-08-11
391,SYNGENE,2026-08-24,2026-08-21,407.25,399.5,-1.9,49.63,44.52,198826,394.9,2026-08-20,393.35,2026-08-06,408.9,2026-08-18,412.8,2026-08-13
392,JINDALSTEL,2026-08-24,2026-08-21,1127.8,1144.0,1.44,58.91,62.48,680536,1086.0,2026-08-14,1092.1,2026-08-07,1126.5,2026-08-10,1128.3,2026-08-03
393,ARE&M,2026-08-24,2026-08-21,919.75,921.2,0.16,50.78,51.2,274915,891.9,2026-08-10,859.05,2026-07-28,1017.3,2026-08-12,957.0,2026-08-05
394,SUMICHEM,2026-08-24,2026-08-21,534.65,525.0,-1.8,50.88,47.32,162846,540.1,2026-08-13,503.05,2026-08-06,572.05,2026-08-17,569.0,2026-08-11
395,SOLARINDS,2026-08-24,2026-08-21,19900.0,19774.0,-0.63,61.97,59.8,47151,19190.0,2026-08-20,17816.0,2026-08-05,20422.0,2026-08-18,20400.0,2026-08-13
396,CDSL,2026-08-24,2026-08-21,1388.9,1385.6,-0.24,61.03,60.04,1815097,1323.3,2026-08-17,1318.2,2026-08-10,1361.5,2026-08-18,1362.0,2026-08-04
397,WOCKPHARMA,2026-08-24,2026-08-21,1886.3,1891.7,0.29,48.38,48.99,237513,1814.4,2026-08-19,1840.0,2026-08-12,1959.3,2026-08-14,2056.9,2026-08-10
398,FLUOROCHEM,2026-08-24,2026-08-21,4621.9,4629.5,0.16,58.6,58.99,103070,4401.8,2026-08-11,4344.6,2026-07-31,4958.9,2026-08-13,4649.0,2026-08-05
399,GRASIM,2026-08-24,2026-08-21,3308.0,3285.0,-0.7,59.32,56.38,1176401,3223.0,2026-08-19,3201.0,2026-08-13,3411.1,2026-08-10,3260.0,2026-08-03
400,MOTILALOFS,2026-08-24,2026-08-21,990.0,1005.8,1.6,68.34,70.67,760481,858.05,2026-08-07,835.1,2026-07-30,964.0,2026-08-17,980.45,2026-07-21
401,THOMASCOOK,2026-08-24,2026-08-21,113.17,112.8,-0.33,63.02,62.33,6379680,97.3,2026-08-19,102.25,2026-08-05,110.63,2026-08-13,111.45,2026-08-04
402,ATGL,2026-08-24,2026-08-21,646.1,643.0,-0.48,39.36,38.14,328132,645.8,2026-08-18,652.0,2026-08-10,687.9,2026-08-19,673.8,2026-08-11
403,MANKIND,2026-08-24,2026-08-21,2384.0,2373.2,-0.45,39.8,38.44,96310,2363.3,2026-08-18,2381.3,2026-08-12,2423.0,2026-08-19,2458.0,2026-08-14
404,RELAXO,2026-08-24,2026-08-21,376.6,377.4,0.21,39.53,40.03,105632,372.0,2026-08-19,386.25,2026-07-24,439.0,2026-08-12,433.0,2026-08-07
405,JSFB,2026-08-24,2026-08-21,582.35,581.4,-0.16,59.87,59.55,2850913,541.6,2026-08-17,519.0,2026-08-12,581.0,2026-08-13,593.0,2026-08-03
406,ASHAPURMIN,2026-08-24,2026-08-21,590.25,587.4,-0.48,33.63,33.13,331345,662.1,2026-07-22,623.7,2026-07-07,751.95,2026-08-06,718.0,2026-07-27
407,BRIGADE,2026-08-24,2026-08-21,639.3,654.85,2.43,71.48,74.4,1084380,576.0,2026-08-17,564.1,2026-08-06,619.45,2026-08-11,588.45,2026-08-05
408,GODREJPROP,2026-08-24,2026-08-21,2035.0,2041.9,0.34,49.95,50.74,202135,1970.0,2026-08-19,1984.0,2026-08-12,2057.0,2026-08-17,2120.0,2026-08-10
409,RAMCOCEM,2026-08-24,2026-08-21,899.05,901.15,0.23,42.92,43.79,251103,892.35,2026-08-19,905.4,2026-08-05,989.3,2026-08-10,953.25,2026-08-05
410,ABLBL,2026-08-24,2026-08-21,86.12,85.33,-0.92,27.87,26.28,521575,93.85,2026-08-03,91.9,2026-07-24,90.65,2026-08-18,97.4,2026-07-30
411,QUESS,2026-08-24,2026-08-21,335.85,339.25,1.01,63.09,64.82,276590,303.6,2026-08-07,289.75,2026-07-23,350.75,2026-08-18,349.5,2026-08-03
412,DATAPATTNS,2026-08-24,2026-08-21,4829.9,4722.6,-2.22,62.58,57.63,590886,4271.8,2026-08-06,4090.0,2026-07-31,4625.0,2026-08-04,4831.7,2026-07-23
413,ACMESOLAR,2026-08-24,2026-08-21,401.6,406.65,1.26,67.05,68.99,1268843,361.8,2026-08-18,362.75,2026-08-10,379.0,2026-08-14,391.05,2026-08-05
414,GRSE,2026-08-24,2026-08-21,2601.5,2607.0,0.21,48.32,49.01,405429,2546.6,2026-08-12,2471.7,2026-08-06,2706.0,2026-08-19,2669.9,2026-08-13
415,WAKEFIT,2026-08-24,2026-08-21,141.36,139.1,-1.6,67.17,63.25,845026,120.02,2026-08-17,123.51,2026-07-30,136.5,2026-08-07,158.79,2026-07-23
416,SHAKTIPUMP,2026-08-24,2026-08-21,503.55,492.55,-2.18,38.8,33.53,362406,491.3,2026-08-19,517.05,2026-08-03,558.8,2026-07-23,621.9,2026-07-06
417,JINDALSAW,2026-08-24,2026-08-21,291.65,289.25,-0.82,69.76,67.19,1475279,263.15,2026-08-14,246.5,2026-07-28,281.0,2026-08-11,260.6,2026-07-29
418,EIDPARRY,2026-08-24,2026-08-21,797.3,839.35,5.27,55.27,64.87,4826633,772.2,2026-08-18,759.0,2026-08-12,801.3,2026-08-14,828.0,2026-08-06
419,CUMMINSIND,2026-08-24,2026-08-21,5107.5,5155.5,0.94,31.91,35.65,591682,5315.0,2026-08-13,5175.0,2026-08-06,5484.0,2026-08-18,5486.0,2026-08-10
420,KIMS,2026-08-24,2026-08-21,782.5,770.6,-1.52,40.89,36.45,471846,783.15,2026-08-05,787.0,2026-07-30,827.95,2026-08-14,826.8,2026-08-07
421,SURYAROSNI,2026-08-24,2026-08-21,219.8,218.81,-0.45,31.62,30.86,591565,216.8,2026-08-20,236.11,2026-08-03,226.84,2026-08-18,258.5,2026-08-07
422,ZENTEC,2026-08-24,2026-08-21,1926.3,1914.0,-0.64,63.32,61.6,233483,1600.0,2026-07-30,1613.6,2026-07-27,2043.7,2026-08-19,1844.2,2026-07-22
423,VGUARD,2026-08-24,2026-08-21,332.0,331.2,-0.24,59.45,58.69,268654,306.05,2026-08-05,288.8,2026-07-24,350.0,2026-08-18,338.8,2026-07-30
424,KRN,2026-08-24,2026-08-21,1482.1,1471.6,-0.71,68.48,66.7,70580,1461.1,2026-08-19,1150.0,2026-07-31,1598.2,2026-08-19,1230.0,2026-08-04
425,ELECON,2026-08-24,2026-08-21,451.55,443.8,-1.72,51.76,47.92,242719,427.0,2026-08-19,425.2,2026-08-14,448.15,2026-08-13,452.0,2026-08-06
426,RKFORGE,2026-08-24,2026-08-21,737.05,729.65,-1.0,67.86,64.41,473459,728.35,2026-08-14,688.35,2026-08-07,772.8,2026-08-19,763.5,2026-08-10
427,AEGISVOPAK,2026-08-24,2026-08-21,276.3,271.0,-1.92,50.35,47.09,542378,265.05,2026-08-20,262.95,2026-08-17,280.0,2026-08-18,306.55,2026-08-04
428,CAPILLARY,2026-08-24,2026-08-21,502.35,504.85,0.5,44.32,45.29,101356,509.95,2026-08-11,476.25,2026-07-31,548.8,2026-08-13,597.4,2026-08-05
429,360ONE,2026-08-24,2026-08-21,1199.0,1202.5,0.29,61.56,62.29,561224,1140.0,2026-08-12,1065.0,2026-07-24,1222.9,2026-08-20,1191.5,2026-08-14
430,TRITURBINE,2026-08-24,2026-08-21,574.85,579.35,0.78,38.12,40.12,317735,561.05,2026-08-19,579.0,2026-08-14,602.7,2026-08-14,654.15,2026-08-07
431,NFL,2026-08-24,2026-08-21,70.3,70.8,0.71,37.38,42.24,535368,70.0,2026-08-19,71.33,2026-08-12,74.0,2026-08-13,73.4,2026-08-06
432,AARTIPHARM,2026-08-24,2026-08-21,816.8,842.3,3.12,58.94,62.73,679042,845.3,2026-08-14,650.8,2026-07-31,892.0,2026-08-18,932.6,2026-08-11
433,IPCALAB,2026-08-24,2026-08-21,1911.2,1916.2,0.26,64.46,64.9,216713,1720.0,2026-08-14,1674.4,2026-08-10,1945.1,2026-08-17,1785.0,2026-08-06
434,ANTHEM,2026-08-24,2026-08-21,871.45,885.95,1.66,62.4,66.12,635176,865.65,2026-08-14,732.0,2026-07-22,904.0,2026-08-17,899.9,2026-08-11
435,REFEX,2026-08-24,2026-08-21,293.95,286.2,-2.64,40.38,35.54,211922,290.5,2026-08-13,290.1,2026-08-07,309.4,2026-08-17,308.8,2026-08-11
436,COHANCE,2026-08-24,2026-08-21,463.0,449.95,-2.82,58.21,52.21,658837,437.8,2026-08-17,416.9,2026-08-06,484.0,2026-08-20,474.7,2026-08-11
437,VARROC,2026-08-24,2026-08-21,814.95,810.25,-0.58,68.92,66.86,214934,629.55,2026-07-24,638.6,2026-07-20,874.85,2026-08-17,864.9,2026-08-12
438,SWSOLAR,2026-08-24,2026-08-21,192.17,192.29,0.06,29.75,29.98,522189,200.05,2026-08-12,203.16,2026-07-30,207.74,2026-08-13,211.12,2026-08-06
439,FACT,2026-08-24,2026-08-21,783.3,784.55,0.16,32.69,33.46,45255,771.0,2026-08-20,806.1,2026-07-31,812.9,2026-08-19,851.4,2026-08-05
440,PRSMJOHNSN,2026-08-24,2026-08-21,107.97,107.93,-0.04,46.45,46.35,589410,104.1,2026-08-18,97.1,2026-08-10,116.88,2026-08-19,131.0,2026-08-07
441,AFCONS,2026-08-24,2026-08-21,278.9,279.3,0.14,47.9,48.3,661039,259.1,2026-08-11,269.7,2026-07-31,282.7,2026-08-19,279.3,2026-08-12
442,MANYAVAR,2026-08-24,2026-08-21,544.15,530.45,-2.52,79.72,69.94,349224,400.15,2026-07-30,396.0,2026-07-24,529.0,2026-08-07,434.8,2026-07-28
443,WAAREEENER,2026-08-24,2026-08-21,2678.2,2661.3,-0.63,42.47,40.37,517556,2660.0,2026-08-19,2650.9,2026-08-12,2719.5,2026-08-18,2730.0,2026-08-07
444,TATACHEM,2026-08-24,2026-08-21,626.75,625.9,-0.14,24.68,24.43,332308,663.0,2026-08-12,661.7,2026-08-06,708.9,2026-08-12,702.0,2026-08-07
445,MPHASIS,2026-08-24,2026-08-21,2430.0,2421.2,-0.36,51.07,50.04,144562,2385.0,2026-08-19,2472.0,2026-08-12,2556.9,2026-08-14,2472.0,2026-07-29
446,LLOYDSME,2026-08-24,2026-08-21,1865.9,1836.0,-1.6,41.63,38.76,298603,1877.5,2026-08-12,1855.1,2026-07-23,1947.0,2026-08-17,2125.0,2026-08-10
447,VAIBHAVGBL,2026-08-24,2026-08-21,226.05,219.6,-2.85,36.56,32.55,339351,220.1,2026-08-19,245.64,2026-07-24,232.5,2026-08-20,272.95,2026-08-05
448,SAMHI,2026-08-24,2026-08-21,159.56,159.64,0.05,37.61,37.76,935508,157.41,2026-08-17,163.25,2026-08-05,162.99,2026-08-20,177.79,2026-08-07
449,BALRAMCHIN,2026-08-24,2026-08-21,729.35,712.7,-2.28,66.6,62.87,9984928,592.55,2026-08-12,623.3,2026-08-06,780.95,2026-08-20,659.15,2026-08-10
450,ASTRAMICRO,2026-08-24,2026-08-21,1662.2,1662.2,0.0,43.46,43.46,209058,1651.2,2026-08-12,1688.0,2026-07-28,1800.0,2026-08-18,1960.0,2026-07-31
451,BALKRISIND,2026-08-24,2026-08-21,2350.8,2361.1,0.44,51.79,52.81,93710,2350.1,2026-08-14,2397.3,2026-08-06,2554.5,2026-08-11,2558.0,2026-08-05
452,CHOICEIN,2026-08-24,2026-08-21,808.6,798.95,-1.19,51.85,46.67,237474,795.35,2026-08-19,788.4,2026-07-24,819.0,2026-08-20,854.3,2026-08-11
453,JSLL,2026-08-24,2026-08-21,505.35,513.95,1.7,36.34,39.8,455651,494.35,2026-08-19,505.0,2026-08-12,612.35,2026-08-07,602.05,2026-08-03
454,SKIPPER,2026-08-24,2026-08-21,554.0,574.5,3.7,56.86,63.43,2433056,516.55,2026-08-17,506.35,2026-08-10,553.9,2026-08-13,558.7,2026-08-06
455,WEWORK,2026-08-24,2026-08-21,682.9,673.65,-1.35,40.62,37.94,138504,693.55,2026-07-29,686.6,2026-07-24,794.5,2026-08-06,726.95,2026-07-27
456,DMART,2026-08-24,2026-08-21,3906.0,3922.0,0.41,40.61,42.46,179863,3946.7,2026-08-18,3885.5,2026-08-07,4070.0,2026-08-20,4098.9,2026-08-14
457,PIIND,2026-08-24,2026-08-21,2496.8,2472.6,-0.97,35.13,33.26,89335,2458.6,2026-08-18,2457.0,2026-08-12,2545.0,2026-08-18,2845.0,2026-08-03
458,TEGA,2026-08-24,2026-08-21,1743.2,1718.0,-1.45,62.56,58.23,184034,1524.4,2026-08-13,1554.2,2026-08-06,1837.0,2026-08-20,1750.0,2026-08-17
459,BHARTIHEXA,2026-08-24,2026-08-21,1591.2,1605.9,0.92,51.56,53.4,37518,1581.1,2026-08-19,1477.8,2026-08-12,1647.2,2026-08-17,1678.1,2026-07-30
460,SCHNEIDER,2026-08-24,2026-08-21,1217.3,1160.2,-4.69,38.87,34.7,439810,1185.0,2026-08-17,1243.0,2026-07-30,1289.0,2026-08-19,1449.0,2026-08-13
461,FINPIPE,2026-08-24,2026-08-21,160.44,162.16,1.07,43.66,47.63,513394,157.0,2026-08-18,161.0,2026-08-10,172.0,2026-08-06,166.85,2026-07-27
462,LTFOODS,2026-08-24,2026-08-21,427.6,460.9,7.79,64.05,76.76,37330685,416.0,2026-08-17,415.4,2026-08-11,432.1,2026-08-12,432.15,2026-08-07
463,ADVENZYMES,2026-08-24,2026-08-21,300.0,302.7,0.9,39.09,41.7,133381,291.05,2026-08-11,304.25,2026-07-31,310.0,2026-08-20,343.0,2026-08-03
464,JKPAPER,2026-08-24,2026-08-21,391.8,393.45,0.42,55.9,56.86,276653,375.0,2026-08-18,382.6,2026-08-10,398.05,2026-08-11,392.7,2026-08-03
465,DIVISLAB,2026-08-24,2026-08-21,8597.0,8507.5,-1.04,73.37,67.86,210243,8233.5,2026-08-07,7177.0,2026-07-24,8630.0,2026-08-18,8674.0,2026-08-12
466,FIVESTAR,2026-08-24,2026-08-21,520.95,504.95,-3.07,41.51,35.75,255575,516.1,2026-08-19,531.0,2026-08-13,558.8,2026-08-11,573.6,2026-07-28
467,GMMPFAUDLR,2026-08-24,2026-08-21,1022.35,1000.85,-2.1,72.02,65.07,56558,796.5,2026-07-30,782.55,2026-07-23,1079.4,2026-08-17,1028.5,2026-08-06
468,CLEAN,2026-08-24,2026-08-21,825.5,831.6,0.74,59.89,61.34,265510,815.0,2026-08-19,723.15,2026-07-31,848.9,2026-08-20,844.4,2026-08-17
469,ACUTAAS,2026-08-24,2026-08-21,3169.0,3184.1,0.48,44.47,45.33,324438,3081.2,2026-08-13,3025.0,2026-08-03,3399.8,2026-08-18,3328.0,2026-08-07
470,BAJAJELEC,2026-08-24,2026-08-21,351.65,344.35,-2.08,52.46,47.24,179850,350.2,2026-08-19,353.5,2026-08-14,369.7,2026-08-18,407.5,2026-08-06
471,NEWGEN,2026-08-24,2026-08-21,522.7,530.1,1.42,46.12,49.15,1108631,518.7,2026-08-19,525.5,2026-08-12,547.3,2026-08-20,571.85,2026-08-10
472,STARHEALTH,2026-08-24,2026-08-21,578.5,573.8,-0.81,47.14,43.97,182730,553.35,2026-08-10,570.1,2026-07-24,588.45,2026-08-20,590.75,2026-08-14
473,SUNTV,2026-08-24,2026-08-21,472.05,470.05,-0.42,34.1,32.97,155098,475.85,2026-08-12,481.75,2026-07-24,511.8,2026-08-13,519.8,2026-07-30
474,BLUESTARCO,2026-08-24,2026-08-21,1511.9,1507.9,-0.26,37.52,36.93,163348,1476.2,2026-08-17,1471.3,2026-08-12,1535.4,2026-08-18,1737.6,2026-08-04
475,KAJARIACER,2026-08-24,2026-08-21,1208.5,1203.7,-0.4,48.58,47.25,62699,1158.4,2026-08-07,1177.0,2026-07-31,1275.0,2026-08-14,1238.4,2026-08-04
476,KPIL,2026-08-24,2026-08-21,1404.5,1392.0,-0.89,61.71,58.79,134692,1342.8,2026-08-14,1267.2,2026-08-06,1427.9,2026-08-19,1468.0,2026-08-12
477,GRANULES,2026-08-24,2026-08-21,858.15,859.0,0.1,53.82,54.12,269013,827.6,2026-08-19,814.2,2026-08-03,882.0,2026-08-13,883.0,2026-08-07
478,TANLA,2026-08-24,2026-08-21,570.45,577.9,1.31,45.17,48.26,639768,555.5,2026-08-18,602.8,2026-08-07,592.55,2026-08-20,645.6,2026-08-11
479,DBREALTY,2026-08-24,2026-08-21,106.08,106.41,0.31,39.73,40.5,1608368,98.02,2026-08-20,110.0,2026-08-07,121.65,2026-08-10,114.95,2026-08-03
480,RADICO,2026-08-24,2026-08-21,4639.8,4607.7,-0.69,66.97,63.59,185418,4410.8,2026-08-06,4038.9,2026-07-24,4747.0,2026-08-19,4582.0,2026-08-10
481,CREDITACC,2026-08-24,2026-08-21,1496.1,1444.0,-3.48,43.8,36.01,401023,1510.5,2026-08-10,1507.5,2026-08-05,1566.9,2026-08-14,1634.0,2026-07-31
482,CEMPRO,2026-08-24,2026-08-21,1276.4,1268.4,-0.63,43.3,42.37,117489,1257.8,2026-08-19,1229.0,2026-08-13,1363.7,2026-08-17,1294.0,2026-08-11
483,KIRLOSENG,2026-08-24,2026-08-21,2100.8,2078.7,-1.05,44.81,43.08,304298,2065.9,2026-08-19,2041.1,2026-08-12,2177.0,2026-08-20,2300.5,2026-08-05
484,JYOTHYLAB,2026-08-24,2026-08-21,204.95,213.74,4.29,51.17,60.57,1183307,190.11,2026-08-12,197.71,2026-07-31,216.9,2026-08-18,208.65,2026-08-10
485,SIEMENS,2026-08-24,2026-08-21,3920.0,4091.0,4.36,57.64,68.44,1064770,3875.3,2026-08-19,3854.6,2026-08-11,4097.9,2026-08-12,4073.8,2026-08-04
486,USHAMART,2026-08-24,2026-08-21,481.3,490.85,1.98,39.04,45.19,233290,486.1,2026-08-14,493.1,2026-07-31,507.0,2026-08-20,524.8,2026-08-06
487,EICHERMOT,2026-08-24,2026-08-21,8010.0,8044.0,0.42,58.84,60.57,145019,7947.5,2026-08-19,7730.0,2026-07-30,8165.0,2026-08-17,8110.0,2026-08-11
488,MEDANTA,2026-08-24,2026-08-21,1409.7,1404.7,-0.35,52.11,51.05,52126,1380.0,2026-08-12,1334.8,2026-07-31,1447.0,2026-08-18,1491.0,2026-08-10
489,EMAMILTD,2026-08-24,2026-08-21,402.6,405.4,0.7,47.99,50.11,607229,396.5,2026-08-19,395.25,2026-08-13,413.0,2026-08-20,416.2,2026-08-07
490,YATHARTH,2026-08-24,2026-08-21,855.15,899.05,5.13,52.16,64.37,914333,824.0,2026-08-14,815.2,2026-07-31,861.5,2026-08-19,919.5,2026-08-11
491,INDGN,2026-08-24,2026-08-21,567.8,566.15,-0.29,64.21,62.94,210112,552.05,2026-08-14,500.35,2026-07-31,583.6,2026-08-11,567.8,2026-08-04
492,BIKAJI,2026-08-24,2026-08-21,605.75,601.2,-0.75,32.57,30.21,73669,606.15,2026-08-12,623.35,2026-07-23,622.0,2026-08-14,660.45,2026-08-05
493,ORIENTCEM,2026-08-24,2026-08-21,131.52,130.29,-0.94,41.73,39.03,268206,128.86,2026-08-19,130.62,2026-07-24,142.32,2026-08-05,139.9,2026-07-29
494,ITI,2026-08-24,2026-08-21,279.25,279.35,0.04,44.75,44.93,123760,274.0,2026-08-14,271.5,2026-07-29,295.9,2026-08-19,296.25,2026-08-10
495,BORORENEW,2026-08-24,2026-08-21,549.4,541.35,-1.47,40.33,37.27,262476,537.9,2026-08-20,544.1,2026-08-10,585.2,2026-08-13,569.0,2026-08-05
496,TITAGARH,2026-08-24,2026-08-21,843.55,845.8,0.27,50.47,51.15,479757,812.7,2026-08-17,826.0,2026-08-12,869.9,2026-08-13,867.7,2026-08-06
497,DATAMATICS,2026-08-24,2026-08-21,819.25,811.9,-0.9,42.33,40.18,24739,814.0,2026-08-19,818.55,2026-07-30,907.0,2026-08-14,878.6,2026-08-10
498,PRESTIGE,2026-08-24,2026-08-21,1631.0,1629.6,-0.09,54.41,54.15,180211,1561.3,2026-08-17,1555.3,2026-08-12,1623.9,2026-08-14,1643.5,2026-08-11
499,APOLLOTYRE,2026-08-24,2026-08-21,439.7,447.1,1.68,54.24,59.58,4527008,426.5,2026-08-19,432.15,2026-08-07,452.0,2026-08-10,451.8,2026-08-05
500,JSL,2026-08-24,2026-08-21,701.35,702.5,0.16,37.46,38.18,171283,712.5,2026-08-12,719.95,2026-08-03,756.0,2026-08-18,753.0,2026-08-05
501,FIEMIND,2026-08-24,2026-08-21,2198.8,2172.0,-1.22,39.25,37.72,44112,2244.7,2026-07-31,2299.9,2026-07-24,2674.8,2026-08-12,2386.0,2026-07-30
502,AETHER,2026-08-24,2026-08-21,1626.6,1667.7,2.53,64.06,68.54,243253,1572.2,2026-08-13,1400.2,2026-07-24,1692.0,2026-08-18,1645.0,2026-08-11
503,LUMAXTECH,2026-08-24,2026-08-21,1988.8,1953.7,-1.76,66.96,63.13,87220,1969.6,2026-08-19,1970.0,2026-08-14,2074.3,2026-08-17,2110.0,2026-08-12
504,OBEROIRLTY,2026-08-24,2026-08-21,1886.0,1877.7,-0.44,56.49,55.21,185715,1830.4,2026-08-19,1764.0,2026-08-10,1960.7,2026-08-18,1861.1,2026-08-03
505,OFSS,2026-08-24,2026-08-21,11724.0,11531.0,-1.65,55.82,51.0,130089,11318.0,2026-08-14,10882.0,2026-07-31,11917.0,2026-08-20,11920.0,2026-08-17
506,RUBICON,2026-08-24,2026-08-21,1724.7,1764.5,2.31,64.23,67.16,263978,1591.5,2026-08-14,1461.6,2026-08-04,1820.1,2026-08-19,1684.1,2026-08-11
507,PFOCUS,2026-08-24,2026-08-21,296.95,308.15,3.77,58.89,63.05,1537969,263.3,2026-08-17,265.4,2026-08-12,308.4,2026-08-05,311.0,2026-07-29
508,ICICIAMC,2026-08-24,2026-08-21,3269.7,3223.9,-1.4,60.74,56.1,388655,3020.5,2026-08-12,3046.5,2026-07-30,3313.5,2026-08-20,3160.0,2026-08-14
509,VIPIND,2026-08-24,2026-08-21,308.35,302.95,-1.75,51.98,47.87,703984,298.95,2026-08-20,294.35,2026-08-17,329.65,2026-08-13,323.8,2026-08-10
510,REDTAPE,2026-08-24,2026-08-21,122.88,121.84,-0.85,39.14,37.71,182782,120.84,2026-08-18,129.11,2026-08-04,127.89,2026-08-19,148.49,2026-08-10
511,EUREKAFORB,2026-08-24,2026-08-21,415.0,419.0,0.96,33.38,36.3,169651,424.9,2026-07-24,439.6,2026-07-08,473.1,2026-08-12,482.2,2026-08-05
512,BRITANNIA,2026-08-24,2026-08-21,5365.0,5292.5,-1.35,43.41,39.85,204230,5363.5,2026-08-06,5364.0,2026-07-31,5689.5,2026-08-13,5660.0,2026-08-07
513,TATACOMM,2026-08-24,2026-08-21,1655.4,1689.0,2.03,32.23,39.7,179156,1705.2,2026-08-11,1721.5,2026-08-06,1779.5,2026-08-13,1783.8,2026-08-10
514,METROPOLIS,2026-08-24,2026-08-21,556.95,563.25,1.13,48.31,50.98,137099,536.6,2026-08-20,539.15,2026-08-17,565.5,2026-08-19,582.4,2026-08-12
515,BAJAJ-AUTO,2026-08-24,2026-08-21,11700.0,11789.0,0.76,62.79,65.11,194085,11534.0,2026-08-19,11607.0,2026-08-13,11808.0,2026-08-17,11863.0,2026-08-11
516,GOKULAGRO,2026-08-24,2026-08-21,242.8,244.2,0.58,67.68,68.78,293778,229.39,2026-08-17,225.45,2026-08-12,257.99,2026-08-20,241.5,2026-08-13
517,SUPREMEIND,2026-08-24,2026-08-21,3642.0,3614.4,-0.76,63.9,60.52,90176,3383.0,2026-08-12,3297.0,2026-07-28,3674.9,2026-08-20,3649.0,2026-08-17
518,ONESOURCE,2026-08-24,2026-08-21,1535.0,1539.0,0.26,40.47,41.28,59066,1511.1,2026-08-19,1527.1,2026-08-13,1647.0,2026-08-10,1755.2,2026-07-29
519,DEEPAKNTR,2026-08-24,2026-08-21,1747.1,1727.0,-1.15,54.43,50.97,161788,1694.0,2026-08-14,1635.0,2026-07-30,1809.3,2026-08-19,1851.0,2026-08-05
520,MGL,2026-08-24,2026-08-21,1114.2,1130.9,1.5,48.26,52.74,202229,1100.0,2026-08-18,1114.0,2026-08-12,1173.2,2026-08-19,1162.6,2026-08-14
521,RAINBOW,2026-08-24,2026-08-21,1433.2,1464.0,2.15,38.9,46.4,77205,1414.5,2026-08-14,1457.0,2026-07-31,1481.3,2026-08-20,1485.2,2026-08-17
522,LALPATHLAB,2026-08-24,2026-08-21,1894.2,1886.1,-0.43,57.68,55.93,99529,1873.4,2026-08-20,1870.1,2026-08-17,1988.9,2026-08-12,1955.1,2026-08-04
523,HEMIPROP,2026-08-24,2026-08-21,130.58,129.09,-1.14,37.49,34.47,266295,129.6,2026-08-19,132.0,2026-08-14,136.49,2026-08-17,141.9,2026-08-11
524,CARBORUNIV,2026-08-24,2026-08-21,1169.8,1129.3,-3.46,59.12,52.32,173759,1081.4,2026-08-20,1059.1,2026-08-07,1196.0,2026-08-12,1110.0,2026-08-03
525,TBOTEK,2026-08-24,2026-08-21,1696.5,1704.4,0.47,63.9,64.63,112410,1589.0,2026-08-13,1470.8,2026-07-30,1732.5,2026-08-19,1655.0,2026-08-11
526,NH,2026-08-24,2026-08-21,1815.8,1867.0,2.82,35.77,46.27,570894,1781.0,2026-08-19,1952.0,2026-07-22,2092.9,2026-07-29,2047.5,2026-07-20
527,THERMAX,2026-08-24,2026-08-21,3967.8,3994.4,0.67,36.58,38.32,52803,3934.0,2026-08-14,3975.0,2026-08-06,4238.6,2026-08-17,4099.6,2026-08-12
528,JUBLPHARMA,2026-08-24,2026-08-21,880.35,901.45,2.4,35.78,43.69,1764712,847.85,2026-08-17,910.6,2026-08-05,995.0,2026-08-11,989.95,2026-07-29
529,HDBFS,2026-08-24,2026-08-21,695.85,685.9,-1.43,51.41,46.7,145961,674.85,2026-08-18,657.0,2026-08-10,712.1,2026-08-20,699.2,2026-08-12
530,MARUTI,2026-08-24,2026-08-21,13565.0,13559.0,-0.04,40.66,40.49,168570,13811.0,2026-08-07,13197.0,2026-07-24,14175.0,2026-08-11,14440.0,2026-08-03
531,TARC,2026-08-24,2026-08-21,124.07,122.23,-1.48,44.53,41.57,628232,119.31,2026-08-20,132.25,2026-08-04,132.9,2026-08-12,137.0,2026-08-06
532,IKS,2026-08-24,2026-08-21,1786.2,1814.0,1.56,47.56,51.21,76273,1686.4,2026-08-07,1768.1,2026-07-31,1876.2,2026-08-19,1907.4,2026-08-06
533,CYIENT,2026-08-24,2026-08-21,892.65,910.0,1.94,58.35,62.4,1314915,839.0,2026-08-12,852.05,2026-08-06,885.0,2026-08-13,879.45,2026-08-04
534,THELEELA,2026-08-24,2026-08-21,561.7,550.95,-1.91,74.3,67.98,415890,498.1,2026-08-17,494.4,2026-08-12,527.0,2026-08-07,517.95,2026-08-03
535,PNBHOUSING,2026-08-24,2026-08-21,1170.3,1165.4,-0.42,64.34,62.5,462383,1128.9,2026-08-18,1024.2,2026-07-30,1207.0,2026-08-20,1171.4,2026-08-13
536,PARKHOSPS,2026-08-24,2026-08-21,274.55,280.35,2.11,43.81,49.75,378727,266.5,2026-08-20,273.9,2026-08-11,298.05,2026-08-11,302.8,2026-08-03
537,DIXON,2026-08-24,2026-08-21,14850.0,14559.0,-1.96,67.83,60.44,619927,13645.0,2026-08-13,13579.0,2026-08-03,14445.0,2026-08-06,14589.0,2026-07-31
538,CAMPUS,2026-08-24,2026-08-21,228.15,229.97,0.8,56.67,58.73,541202,215.8,2026-08-19,217.1,2026-08-12,233.55,2026-08-06,226.8,2026-07-31
539,ENDURANCE,2026-08-24,2026-08-21,3029.5,3002.9,-0.88,65.16,61.89,105713,2878.0,2026-08-14,2731.4,2026-08-03,3043.0,2026-08-13,2765.0,2026-07-22
540,CHAMBLFERT,2026-08-24,2026-08-21,431.15,430.9,-0.06,36.21,36.03,277708,441.35,2026-08-12,436.25,2026-07-31,439.1,2026-08-20,446.95,2026-08-17
541,PHOENIXLTD,2026-08-24,2026-08-21,1930.0,1927.1,-0.15,47.69,47.19,167942,1870.0,2026-08-12,1877.3,2026-07-30,1950.0,2026-08-19,1950.0,2026-08-10
542,NUVAMA,2026-08-24,2026-08-21,1743.6,1753.3,0.56,49.42,50.7,173486,1644.4,2026-08-14,1578.6,2026-08-10,1759.0,2026-08-19,1741.9,2026-08-13
543,RRKABEL,2026-08-24,2026-08-21,2919.3,2874.8,-1.52,72.13,66.86,267302,2708.3,2026-08-17,2727.0,2026-08-10,2848.0,2026-08-13,2815.0,2026-08-05
544,ABREL,2026-08-24,2026-08-21,1406.3,1434.2,1.98,51.54,56.32,892050,1377.6,2026-08-19,1368.0,2026-08-10,1449.0,2026-08-13,1458.8,2026-08-05
545,ULTRACEMCO,2026-08-24,2026-08-21,11570.0,11542.0,-0.24,43.66,42.77,231685,11396.0,2026-08-19,11730.0,2026-07-30,12239.0,2026-08-05,12090.0,2026-07-29
546,PURVA,2026-08-24,2026-08-21,219.36,214.69,-2.13,52.93,47.52,525978,209.6,2026-08-12,206.5,2026-08-04,245.9,2026-08-17,215.0,2026-08-10
547,SIGNATURE,2026-08-24,2026-08-21,795.3,794.6,-0.09,47.16,46.93,193255,781.0,2026-08-19,800.0,2026-08-13,816.7,2026-08-14,835.9,2026-08-10
548,LATENTVIEW,2026-08-24,2026-08-21,278.1,279.5,0.5,37.39,38.89,907032,271.4,2026-08-19,292.6,2026-08-03,289.95,2026-08-18,302.8,2026-08-07
549,NUVOCO,2026-08-24,2026-08-21,322.05,320.45,-0.5,40.2,39.24,92177,317.0,2026-08-20,326.4,2026-08-12,357.6,2026-08-06,368.5,2026-07-22
550,BLACKBUCK,2026-08-24,2026-08-21,634.3,605.6,-4.52,73.72,59.78,338728,558.15,2026-08-17,557.7,2026-08-12,582.5,2026-08-07,575.0,2026-07-30
551,CSBBANK,2026-08-24,2026-08-21,322.9,332.25,2.9,43.6,51.55,443467,312.95,2026-08-18,315.0,2026-08-13,326.95,2026-08-11,334.75,2026-08-03
552,SAATVIKGL,2026-08-24,2026-08-21,418.95,421.95,0.72,45.47,47.07,64188,397.1,2026-08-20,384.7,2026-08-17,450.0,2026-08-13,442.0,2026-08-03
553,RAYMONDLSL,2026-08-24,2026-08-21,726.95,722.0,-0.68,46.65,44.98,68330,719.5,2026-08-19,712.8,2026-08-12,767.0,2026-08-17,769.0,2026-08-05
554,SUDEEPPHRM,2026-08-24,2026-08-21,1111.8,1116.0,0.38,69.52,69.93,105535,1080.0,2026-08-17,801.4,2026-08-05,1180.0,2026-08-20,1158.6,2026-08-11
555,RITES,2026-08-24,2026-08-21,218.08,218.8,0.33,46.76,47.73,219261,215.61,2026-08-19,213.6,2026-07-31,223.17,2026-08-19,234.9,2026-08-07
556,ENRIN,2026-08-24,2026-08-21,3435.6,3491.7,1.63,49.13,52.7,406293,3488.0,2026-08-12,3216.5,2026-08-06,3639.0,2026-08-18,3627.0,2026-08-13
557,QPOWER,2026-08-24,2026-08-21,1305.6,1330.2,1.88,60.81,63.08,208499,1235.5,2026-08-14,1101.0,2026-08-07,1357.0,2026-08-18,1333.9,2026-08-13
558,KEI,2026-08-24,2026-08-21,5527.6,5485.8,-0.76,53.57,51.57,202445,4745.5,2026-07-30,4792.0,2026-07-24,5899.0,2026-08-18,5062.5,2026-07-22
559,LTM,2026-08-24,2026-08-21,4487.8,4513.1,0.56,51.84,53.16,262575,4462.9,2026-08-06,4284.0,2026-07-31,4850.0,2026-08-12,4850.0,2026-08-11
560,KIRLPNU,2026-08-24,2026-08-21,748.8,732.7,-2.15,43.59,39.57,81976,722.5,2026-08-20,710.6,2026-08-05,776.9,2026-08-18,757.75,2026-08-11
561,CANHLIFE,2026-08-24,2026-08-21,155.24,154.15,-0.7,63.01,60.28,817618,145.25,2026-08-13,146.5,2026-08-06,154.8,2026-08-03,151.18,2026-07-29
562,UNOMINDA,2026-08-24,2026-08-21,1265.0,1249.6,-1.22,63.64,58.09,700160,1230.1,2026-08-14,1101.1,2026-07-24,1288.0,2026-08-19,1298.3,2026-08-10
563,AKUMS,2026-08-24,2026-08-21,750.0,769.6,2.61,65.01,69.16,413553,715.1,2026-08-17,656.5,2026-08-06,775.0,2026-08-12,688.3,2026-08-03
564,RAILTEL,2026-08-24,2026-08-21,287.25,282.2,-1.76,47.51,43.27,481094,275.0,2026-08-18,283.15,2026-08-03,297.6,2026-08-19,293.35,2026-08-11
565,INDIGO,2026-08-24,2026-08-21,5110.0,5109.5,-0.01,42.25,42.22,460982,5138.0,2026-08-18,5217.5,2026-08-11,5370.0,2026-08-14,5370.0,2026-08-13
566,ROUTE,2026-08-24,2026-08-21,502.3,493.8,-1.69,36.51,33.39,170510,497.2,2026-08-18,535.35,2026-07-27,513.3,2026-08-20,539.55,2026-08-10
567,IGIL,2026-08-24,2026-08-21,340.6,340.1,-0.15,44.55,44.22,374252,339.9,2026-08-12,326.0,2026-07-29,362.55,2026-08-17,371.4,2026-08-03
568,CIEINDIA,2026-08-24,2026-08-21,401.05,399.5,-0.39,33.04,32.17,197022,405.55,2026-08-10,401.9,2026-07-24,423.0,2026-08-12,422.0,2026-08-03
569,AURIONPRO,2026-08-24,2026-08-21,695.55,710.0,2.08,31.58,37.8,165697,680.15,2026-08-20,710.25,2026-08-12,749.5,2026-08-13,747.0,2026-08-10
570,ECLERX,2026-08-24,2026-08-21,1815.7,1831.9,0.89,51.35,52.82,100147,1773.9,2026-08-18,1733.0,2026-08-11,1925.4,2026-08-14,1945.0,2026-08-04
571,TRANSRAILL,2026-08-24,2026-08-21,460.0,474.0,3.04,36.4,46.82,536608,452.2,2026-08-19,463.9,2026-08-12,507.65,2026-08-03,509.7,2026-07-16
572,GOKEX,2026-08-24,2026-08-21,797.6,800.5,0.36,48.61,49.53,73860,741.0,2026-08-12,776.1,2026-08-04,823.45,2026-08-18,835.85,2026-08-03
573,CARTRADE,2026-08-24,2026-08-21,3072.9,3107.5,1.13,68.62,69.97,361654,2770.0,2026-08-19,2690.9,2026-08-13,2818.7,2026-08-11,2868.0,2026-08-05
574,AVALON,2026-08-24,2026-08-21,2183.8,2117.2,-3.05,69.44,63.1,232862,1629.4,2026-07-28,1668.6,2026-07-15,2351.0,2026-08-20,2004.0,2026-08-10
575,NEOGEN,2026-08-24,2026-08-21,2230.1,2135.7,-4.23,57.43,49.86,178424,2016.2,2026-08-12,1984.6,2026-08-06,2483.9,2026-08-18,2207.0,2026-08-10
576,APARINDS,2026-08-24,2026-08-21,16856.0,16715.0,-0.84,59.84,58.3,45526,16199.0,2026-08-18,13282.0,2026-07-24,17525.0,2026-08-19,18465.0,2026-08-12
577,ATLANTAELE,2026-08-24,2026-08-21,1846.9,1828.3,-1.01,63.89,61.96,166814,1682.0,2026-08-20,1562.5,2026-08-07,1849.8,2026-08-18,1681.8,2026-08-05
578,BEML,2026-08-24,2026-08-21,1935.4,1913.4,-1.14,61.62,58.18,115574,1869.1,2026-08-14,1668.1,2026-08-05,1984.0,2026-08-19,1954.8,2026-08-12
579,KPRMILL,2026-08-24,2026-08-21,1151.6,1121.9,-2.58,62.71,54.45,139707,1077.1,2026-08-13,1064.8,2026-08-10,1140.0,2026-08-17,1152.8,2026-08-11
580,SCHAEFFLER,2026-08-24,2026-08-21,4017.9,4016.8,-0.03,43.22,43.13,83219,4012.6,2026-08-18,4005.2,2026-08-10,4202.6,2026-08-20,4210.0,2026-08-11
581,CRIZAC,2026-08-24,2026-08-21,172.84,173.39,0.32,31.74,32.88,85638,170.29,2026-08-19,181.71,2026-08-05,181.32,2026-08-19,190.4,2026-08-10
582,SRF,2026-08-24,2026-08-21,2571.9,2575.0,0.12,38.96,39.55,213245,2562.3,2026-08-19,2550.0,2026-08-11,2644.7,2026-08-18,2663.0,2026-08-04
583,STAR,2026-08-24,2026-08-21,986.2,992.5,0.64,44.31,45.89,178458,931.3,2026-08-19,963.0,2026-08-05,1056.0,2026-08-20,1019.7,2026-08-07
584,TORNTPHARM,2026-08-24,2026-08-21,4896.5,4894.0,-0.05,48.72,48.55,127419,4814.0,2026-08-17,4824.5,2026-08-12,5044.5,2026-08-20,5250.0,2026-08-03
585,INDIACEM,2026-08-24,2026-08-21,370.9,367.6,-0.89,36.72,34.5,34747,366.2,2026-08-19,387.4,2026-08-04,399.15,2026-08-07,401.7,2026-07-31
586,INTELLECT,2026-08-24,2026-08-21,691.25,688.25,-0.43,39.05,38.06,205828,677.0,2026-08-19,715.0,2026-08-07,736.8,2026-08-11,764.4,2026-08-03
587,AARTIDRUGS,2026-08-24,2026-08-21,417.4,422.4,1.2,53.19,56.07,189284,404.5,2026-08-18,405.0,2026-08-03,453.65,2026-08-11,427.2,2026-07-31
588,KSCL,2026-08-24,2026-08-21,760.1,775.6,2.04,33.79,41.34,156708,755.0,2026-08-14,754.6,2026-08-11,779.8,2026-08-19,808.95,2026-08-12
589,ABB,2026-08-24,2026-08-21,7424.0,7521.0,1.31,47.9,52.46,97427,7391.5,2026-08-19,7535.0,2026-08-10,7825.0,2026-08-14,7894.5,2026-08-04
590,JUBLINGREA,2026-08-24,2026-08-21,718.35,708.5,-1.37,47.53,44.42,485088,702.0,2026-08-19,712.0,2026-08-13,750.75,2026-08-17,768.2,2026-08-11
591,AADHARHFC,2026-08-24,2026-08-21,462.55,466.65,0.89,29.79,33.12,224288,495.0,2026-08-11,487.1,2026-07-30,510.45,2026-08-13,517.8,2026-08-06
592,ARVINDFASN,2026-08-24,2026-08-21,448.35,442.35,-1.34,48.06,44.59,121793,425.2,2026-08-20,438.3,2026-08-12,453.0,2026-08-14,467.6,2026-08-06
593,COLPAL,2026-08-24,2026-08-21,1889.0,1880.8,-0.43,31.61,30.78,106299,1863.9,2026-08-19,2010.0,2026-08-04,2213.4,2026-07-29,2126.4,2026-07-21
594,ACE,2026-08-24,2026-08-21,1182.2,1168.1,-1.19,65.56,62.59,237856,1062.3,2026-08-12,1032.6,2026-07-29,1196.0,2026-08-19,1149.0,2026-08-05
595,TECHNOE,2026-08-24,2026-08-21,987.45,1000.95,1.37,45.19,48.35,138792,941.55,2026-08-17,957.7,2026-07-31,1018.0,2026-08-18,1079.0,2026-08-11
596,ANANDRATHI,2026-08-24,2026-08-21,2188.0,2173.7,-0.65,66.36,62.6,113206,2145.1,2026-08-19,2028.5,2026-08-06,2209.2,2026-08-20,2230.0,2026-08-13
597,ASKAUTOLTD,2026-08-24,2026-08-21,621.15,617.0,-0.67,59.12,57.79,200364,633.0,2026-08-18,505.05,2026-07-30,675.0,2026-08-13,687.7,2026-08-06
598,TIPSMUSIC,2026-08-24,2026-08-21,650.95,642.65,-1.28,44.48,41.94,122295,637.05,2026-08-10,656.15,2026-07-31,683.85,2026-08-13,694.45,2026-08-05
599,SMLMAH,2026-08-24,2026-08-21,5324.0,5255.0,-1.3,60.05,57.86,26046,5135.0,2026-08-20,5075.0,2026-08-14,5647.5,2026-08-17,5967.5,2026-08-05
600,EIHOTEL,2026-08-24,2026-08-21,302.75,300.65,-0.69,39.75,38.06,83550,294.05,2026-08-18,297.7,2026-08-12,333.3,2026-08-06,337.9,2026-07-29
601,LTTS,2026-08-24,2026-08-21,3604.6,3600.0,-0.13,57.6,57.18,57698,3460.0,2026-08-14,3454.8,2026-08-03,3708.0,2026-08-11,3680.0,2026-07-29
602,SAILIFE,2026-08-24,2026-08-21,1457.4,1433.8,-1.62,64.15,59.41,229896,1409.0,2026-08-17,1319.5,2026-08-07,1475.0,2026-08-13,1300.0,2026-07-16
603,SFL,2026-08-24,2026-08-21,664.95,659.9,-0.76,35.43,34.32,67543,661.9,2026-08-18,662.15,2026-08-10,685.1,2026-08-20,717.85,2026-08-12
604,JBMA,2026-08-24,2026-08-21,673.95,665.5,-1.25,59.29,55.72,556718,614.1,2026-08-19,651.0,2026-07-31,689.0,2026-07-30,681.9,2026-07-22
605,DBL,2026-08-24,2026-08-21,414.6,412.55,-0.49,43.68,42.69,106705,410.0,2026-08-17,418.0,2026-07-31,425.0,2026-08-17,474.7,2026-08-05
606,POLYMED,2026-08-24,2026-08-21,1719.4,1746.2,1.56,48.91,51.96,78132,1721.9,2026-08-17,1651.2,2026-08-07,1814.9,2026-08-19,1913.7,2026-08-12
607,TATAINVEST,2026-08-24,2026-08-21,647.95,646.8,-0.18,40.39,39.88,89201,643.5,2026-08-19,666.0,2026-08-06,714.8,2026-08-12,713.45,2026-08-07
608,STYL,2026-08-24,2026-08-21,392.55,387.15,-1.38,54.36,52.21,44280,374.0,2026-08-19,402.35,2026-08-12,408.0,2026-08-20,433.85,2026-08-13
609,ORKLAINDIA,2026-08-24,2026-08-21,552.2,572.9,3.75,41.51,54.74,196769,541.35,2026-08-13,557.0,2026-08-06,577.6,2026-08-10,589.15,2026-08-05
610,EMCURE,2026-08-24,2026-08-21,1863.0,1858.0,-0.27,43.03,42.33,129465,1861.1,2026-08-18,1912.5,2026-08-06,1926.4,2026-08-20,2048.0,2026-08-10
611,GHCL,2026-08-24,2026-08-21,442.4,445.2,0.63,56.8,59.65,236461,426.0,2026-08-17,434.2,2026-08-03,454.0,2026-08-19,451.95,2026-08-03
612,VIJAYA,2026-08-24,2026-08-21,1504.4,1482.6,-1.45,65.59,60.67,57075,1340.0,2026-08-07,1328.1,2026-07-31,1521.3,2026-08-18,1573.0,2026-08-13
613,INOXINDIA,2026-08-24,2026-08-21,1930.2,1944.6,0.75,50.04,52.1,90997,1879.8,2026-08-19,1897.7,2026-08-12,1990.0,2026-08-17,2010.0,2026-08-11
614,IONEXCHANG,2026-08-24,2026-08-21,368.65,371.45,0.76,36.09,38.09,239270,364.0,2026-08-19,368.5,2026-08-07,436.0,2026-08-03,434.4,2026-07-27
615,POLYCAB,2026-08-24,2026-08-21,8966.0,9016.0,0.56,42.19,44.17,104819,9025.0,2026-08-11,8855.0,2026-07-30,9395.0,2026-08-17,9320.0,2026-08-10
616,CRAMC,2026-08-24,2026-08-21,264.7,260.25,-1.68,57.54,51.8,139403,249.65,2026-08-19,256.75,2026-07-30,264.0,2026-08-11,271.0,2026-08-04
617,PVRINOX,2026-08-24,2026-08-21,1216.8,1219.2,0.2,72.06,72.42,714461,1185.0,2026-08-20,1130.1,2026-08-11,1228.8,2026-08-18,1194.2,2026-08-04
618,GODIGIT,2026-08-24,2026-08-21,262.9,261.0,-0.72,45.36,43.98,302038,251.05,2026-08-19,244.2,2026-07-28,290.9,2026-08-05,288.8,2026-07-23
619,WELENT,2026-08-24,2026-08-21,631.45,643.85,1.96,67.05,69.95,541521,557.1,2026-08-14,558.4,2026-08-11,616.95,2026-08-04,617.8,2026-07-27
620,GODFRYPHLP,2026-08-24,2026-08-21,2117.0,2103.5,-0.64,44.09,42.71,116981,2093.7,2026-08-19,2013.0,2026-07-29,2167.7,2026-08-19,2410.0,2026-08-04
621,SMARTWORKS,2026-08-24,2026-08-21,523.25,550.0,5.11,68.12,75.03,336677,470.1,2026-08-12,464.15,2026-07-30,502.7,2026-08-10,489.0,2026-08-03
622,PAGEIND,2026-08-24,2026-08-21,35480.0,35560.0,0.23,29.58,30.38,6985,35150.0,2026-08-20,36410.0,2026-08-13,40270.0,2026-08-10,41590.0,2026-07-30
623,GABRIEL,2026-08-24,2026-08-21,1420.6,1369.9,-3.57,49.74,43.87,271097,1420.2,2026-08-17,1462.0,2026-08-10,1484.4,2026-08-18,1600.0,2026-08-05
624,ZYDUSWELL,2026-08-24,2026-08-21,490.8,509.6,3.83,35.06,43.52,417514,501.95,2026-08-12,544.05,2026-07-24,514.0,2026-08-17,583.5,2026-07-29
625,CONCORDBIO,2026-08-24,2026-08-21,1571.3,1539.1,-2.05,74.91,67.47,123119,1418.0,2026-08-13,1356.4,2026-08-07,1615.0,2026-08-20,1471.9,2026-08-11
626,SHARDACROP,2026-08-24,2026-08-21,760.9,782.5,2.84,21.82,35.07,160539,807.55,2026-07-29,855.0,2026-07-24,798.85,2026-08-19,849.0,2026-08-03
627,POWERINDIA,2026-08-24,2026-08-21,34190.0,33850.0,-0.99,52.67,50.74,65126,31140.0,2026-08-06,30470.0,2026-07-28,36230.0,2026-08-14,36590.0,2026-08-11
628,IIFLCAPS,2026-08-24,2026-08-21,335.65,334.2,-0.43,48.96,44.31,97109,333.1,2026-08-17,332.5,2026-08-11,338.0,2026-08-12,339.3,2026-08-03
629,THANGAMAYL,2026-08-24,2026-08-21,5487.5,5527.0,0.72,47.06,48.02,144459,5204.0,2026-08-14,5151.0,2026-08-11,5435.0,2026-08-10,7430.0,2026-07-28
630,TORNTPOWER,2026-08-24,2026-08-21,1247.7,1246.9,-0.06,24.49,24.38,345705,1315.0,2026-08-05,1410.5,2026-07-24,1373.0,2026-08-10,1446.5,2026-07-28
631,GRAVITA,2026-08-24,2026-08-21,1821.7,1810.8,-0.6,59.53,57.57,124341,1763.8,2026-08-17,1575.0,2026-07-30,1834.4,2026-08-18,1838.9,2026-08-12
632,BANCOINDIA,2026-08-24,2026-08-21,623.7,623.6,-0.02,43.93,43.9,57629,604.65,2026-08-17,622.5,2026-08-11,633.8,2026-08-18,693.6,2026-08-06
633,OPTIEMUS,2026-08-24,2026-08-21,540.2,582.9,7.9,42.04,55.34,1964397,537.05,2026-08-19,536.4,2026-08-12,570.0,2026-08-17,661.0,2026-08-03
634,KANSAINER,2026-08-24,2026-08-21,205.85,202.06,-1.84,51.05,46.58,159606,198.71,2026-08-19,196.02,2026-07-31,218.44,2026-08-10,212.41,2026-08-04
635,HEXT,2026-08-24,2026-08-21,532.45,565.65,6.24,40.65,53.11,2425278,552.5,2026-08-12,548.8,2026-08-05,578.0,2026-08-19,584.5,2026-08-13
636,IMFA,2026-08-24,2026-08-21,1383.8,1391.5,0.56,44.65,45.86,96245,1374.2,2026-08-17,1442.0,2026-08-10,1482.0,2026-08-20,1514.0,2026-08-11
637,AFFLE,2026-08-24,2026-08-21,1718.7,1735.6,0.98,61.38,62.98,100257,1632.5,2026-08-14,1578.0,2026-08-10,1744.0,2026-08-20,1720.1,2026-08-07
638,SUNTECK,2026-08-24,2026-08-21,296.35,307.6,3.8,43.41,54.72,410589,293.05,2026-08-20,290.45,2026-08-12,302.4,2026-08-14,312.1,2026-08-03
639,ACC,2026-08-24,2026-08-21,1307.4,1303.0,-0.34,40.0,38.95,68387,1286.0,2026-08-19,1312.0,2026-07-24,1413.9,2026-08-05,1387.7,2026-07-29
640,AIAENG,2026-08-24,2026-08-21,4348.9,4281.2,-1.56,36.6,33.7,15616,4326.1,2026-08-18,4460.0,2026-08-03,4535.8,2026-08-20,4885.9,2026-08-11
641,JUSTDIAL,2026-08-24,2026-08-21,674.05,667.7,-0.94,48.47,46.44,58852,652.0,2026-08-19,671.0,2026-08-10,686.6,2026-08-20,707.65,2026-08-12
642,BALAMINES,2026-08-24,2026-08-21,2078.2,2208.1,6.25,45.9,56.09,535359,2050.1,2026-08-20,1996.1,2026-08-10,2160.4,2026-08-17,2178.0,2026-08-11
643,AJANTPHARM,2026-08-24,2026-08-21,3639.8,3590.0,-1.37,62.07,56.25,42335,3403.1,2026-08-05,3301.0,2026-07-28,3796.0,2026-08-18,3550.0,2026-08-04
644,GLAXO,2026-08-24,2026-08-21,2902.2,2919.8,0.61,68.86,69.72,69428,2515.0,2026-08-05,2564.7,2026-07-31,3054.9,2026-08-19,2684.0,2026-08-04
645,AIIL,2026-08-24,2026-08-21,552.25,553.7,0.26,50.11,50.56,122280,527.25,2026-08-20,547.15,2026-08-12,583.0,2026-08-14,607.7,2026-08-06
646,AVL,2026-08-24,2026-08-21,601.35,592.85,-1.41,41.15,37.82,105267,596.15,2026-08-17,604.9,2026-08-12,630.7,2026-08-14,631.4,2026-08-11
647,TATAELXSI,2026-08-24,2026-08-21,3708.0,3676.2,-0.86,49.51,46.91,176179,3635.0,2026-08-19,3685.0,2026-08-12,3777.6,2026-08-20,3809.5,2026-08-14
648,TMB,2026-08-24,2026-08-21,878.55,878.05,-0.06,61.02,60.84,81027,823.6,2026-08-19,832.95,2026-08-12,895.65,2026-08-10,879.4,2026-08-03
649,CANFINHOME,2026-08-24,2026-08-21,830.45,809.5,-2.52,49.27,41.49,127192,807.0,2026-08-17,803.3,2026-08-05,831.9,2026-08-10,825.25,2026-08-03
650,APLLTD,2026-08-24,2026-08-21,821.75,814.6,-0.87,51.41,47.92,26421,806.25,2026-08-19,823.85,2026-08-11,838.0,2026-08-18,855.9,2026-08-10
651,HCG,2026-08-24,2026-08-21,725.95,720.0,-0.82,61.72,59.03,60907,702.65,2026-08-17,652.6,2026-08-06,755.0,2026-08-19,755.0,2026-08-11
652,COROMANDEL,2026-08-24,2026-08-21,1996.1,1929.8,-3.32,39.87,31.87,154430,2043.0,2026-08-06,1955.0,2026-07-24,2112.5,2026-08-17,2121.4,2026-08-10
653,ACI,2026-08-24,2026-08-21,497.85,517.15,3.88,38.17,47.73,1150072,501.0,2026-08-17,505.0,2026-08-07,517.5,2026-08-17,584.9,2026-07-27
654,MAHSEAMLES,2026-08-24,2026-08-21,634.15,635.35,0.19,66.01,66.41,156359,608.2,2026-08-20,606.4,2026-08-17,627.95,2026-08-18,627.5,2026-08-13
655,INDIAGLYCO,2026-08-24,2026-08-21,1146.5,1188.3,3.65,57.46,63.06,454333,1044.0,2026-08-12,1120.0,2026-07-30,1164.3,2026-08-18,1186.0,2026-08-04
656,WAAREERTL,2026-08-24,2026-08-21,875.3,870.0,-0.61,27.55,26.12,67085,895.1,2026-07-30,987.6,2026-07-16,919.7,2026-08-10,925.0,2026-08-03
657,NEULANDLAB,2026-08-24,2026-08-21,23301.0,22911.0,-1.67,67.92,63.39,23726,18808.0,2026-07-31,18200.0,2026-07-23,23881.0,2026-08-18,23500.0,2026-08-07
658,DALBHARAT,2026-08-24,2026-08-21,1880.0,1865.1,-0.79,61.03,57.13,321179,1825.0,2026-08-19,1812.0,2026-08-12,1925.0,2026-08-20,1859.8,2026-08-10
659,ALIVUS,2026-08-24,2026-08-21,1350.9,1365.6,1.09,62.87,64.83,33358,1089.8,2026-07-30,1086.1,2026-07-24,1416.6,2026-08-19,1418.0,2026-08-11
660,WHIRLPOOL,2026-08-24,2026-08-21,768.5,766.15,-0.31,42.69,41.95,181046,751.0,2026-08-19,781.15,2026-08-05,841.0,2026-08-05,804.8,2026-07-27
661,INDIAMART,2026-08-24,2026-08-21,1742.2,1750.4,0.47,36.94,39.18,49404,1730.0,2026-08-19,1748.0,2026-08-07,1815.0,2026-08-14,1812.2,2026-08-10
662,DCMSHRIRAM,2026-08-24,2026-08-21,1082.1,1079.8,-0.21,66.37,65.36,161019,969.1,2026-08-13,1006.5,2026-08-05,1187.5,2026-07-29,1070.0,2026-07-21
663,GALLANTT,2026-08-24,2026-08-21,584.4,581.6,-0.48,43.39,42.54,26533,571.95,2026-08-19,562.5,2026-08-13,644.0,2026-08-03,727.0,2026-07-14
664,VTL,2026-08-24,2026-08-21,602.9,601.3,-0.27,47.55,46.7,134168,587.65,2026-08-18,587.85,2026-08-13,611.0,2026-08-18,615.3,2026-08-07
665,HERITGFOOD,2026-08-24,2026-08-21,380.85,388.4,1.98,75.4,78.22,492116,322.95,2026-07-29,319.1,2026-07-17,368.0,2026-08-07,338.05,2026-07-27
666,JKLAKSHMI,2026-08-24,2026-08-21,559.45,554.45,-0.89,44.56,40.07,82530,542.95,2026-08-13,557.1,2026-07-28,563.85,2026-08-20,622.0,2026-08-06
667,HOMEFIRST,2026-08-24,2026-08-21,1193.7,1189.7,-0.34,53.1,51.49,100576,1162.8,2026-08-14,1156.0,2026-08-04,1196.4,2026-08-13,1199.6,2026-08-10
668,CHALET,2026-08-24,2026-08-21,861.95,875.95,1.62,59.65,63.34,203050,811.8,2026-08-12,785.05,2026-07-30,869.0,2026-08-06,858.0,2026-07-29
669,NAVINFLUOR,2026-08-24,2026-08-21,8206.5,8167.5,-0.48,57.0,55.68,81893,8110.0,2026-08-17,8125.5,2026-08-12,8451.0,2026-08-13,8775.5,2026-08-06
670,TRAVELFOOD,2026-08-24,2026-08-21,1307.2,1314.0,0.52,43.7,45.38,26733,1258.0,2026-07-31,1255.5,2026-07-24,1441.0,2026-08-13,1470.9,2026-08-07
671,MAPMYINDIA,2026-08-24,2026-08-21,983.9,974.8,-0.92,41.32,40.05,166225,980.0,2026-08-17,979.3,2026-08-11,1021.1,2026-08-20,1217.4,2026-08-03
672,SPLPETRO,2026-08-24,2026-08-21,697.8,692.25,-0.8,43.79,41.9,35956,681.85,2026-08-11,696.05,2026-07-31,736.0,2026-08-13,783.8,2026-07-28
673,CPPLUS,2026-08-24,2026-08-21,3475.5,3413.8,-1.78,47.98,45.45,127476,3251.0,2026-08-19,3253.8,2026-07-30,4094.0,2026-08-13,3685.0,2026-07-27
674,VMART,2026-08-24,2026-08-21,838.85,853.6,1.76,65.76,68.7,201787,766.75,2026-08-13,782.85,2026-08-10,823.0,2026-08-11,823.25,2026-08-06
675,PIRAMALFIN,2026-08-24,2026-08-21,2180.8,2155.7,-1.15,63.07,58.68,365492,2035.0,2026-08-17,2007.0,2026-08-04,2158.4,2026-08-05,2095.1,2026-07-31
676,ZFCVINDIA,2026-08-24,2026-08-21,2662.0,2660.4,-0.06,64.33,64.08,25486,2601.0,2026-08-18,2260.0,2026-07-24,2691.0,2026-08-18,2656.0,2026-08-07
677,ENTERO,2026-08-24,2026-08-21,1423.6,1533.3,7.71,66.89,75.5,1077254,1380.6,2026-08-19,1224.1,2026-08-04,1467.8,2026-08-13,1293.3,2026-08-04
678,INDIASHLTR,2026-08-24,2026-08-21,675.25,670.9,-0.64,39.27,38.17,64431,652.7,2026-08-20,652.7,2026-08-19,748.1,2026-08-05,823.4,2026-07-21
679,TSFINV,2026-08-24,2026-08-21,417.15,413.0,-0.99,40.57,38.63,39737,409.6,2026-08-17,424.85,2026-07-24,427.5,2026-08-20,471.5,2026-08-05
680,SHAILY,2026-08-24,2026-08-21,3321.0,3273.8,-1.42,59.84,55.88,81901,3299.4,2026-08-19,3340.0,2026-08-14,3450.0,2026-08-18,3615.2,2026-08-11
681,JLHL,2026-08-24,2026-08-21,309.75,307.85,-0.61,46.7,44.93,41239,301.7,2026-08-11,310.3,2026-08-03,324.0,2026-08-20,326.8,2026-08-10
682,PRIVISCL,2026-08-24,2026-08-21,3479.7,3451.1,-0.82,41.02,38.37,31002,3409.0,2026-08-18,3500.0,2026-07-30,3731.0,2026-08-05,3730.0,2026-07-30
683,KSB,2026-08-24,2026-08-21,801.85,793.15,-1.08,38.68,36.22,137268,786.3,2026-08-17,777.3,2026-08-10,813.85,2026-08-20,831.9,2026-08-11
684,ABSLAMC,2026-08-24,2026-08-21,1008.4,999.9,-0.84,43.46,41.6,71204,990.3,2026-08-20,1000.3,2026-08-10,1045.0,2026-08-13,1034.7,2026-08-07
685,GODREJIND,2026-08-24,2026-08-21,1230.0,1195.1,-2.84,42.39,36.65,158309,1189.7,2026-08-18,1272.1,2026-07-30,1352.9,2026-08-03,1372.9,2026-07-28
686,MEDPLUS,2026-08-24,2026-08-21,689.55,671.65,-2.6,44.31,39.64,147966,648.0,2026-08-20,648.0,2026-08-19,727.6,2026-07-30,830.25,2026-07-10
687,CERA,2026-08-24,2026-08-21,5865.5,5806.0,-1.01,42.4,39.92,3048,5650.0,2026-08-19,6087.5,2026-07-30,6439.0,2026-08-06,6493.5,2026-07-28
688,CAPLIPOINT,2026-08-24,2026-08-21,2560.8,2504.6,-2.19,52.08,47.12,180606,2382.5,2026-08-13,2495.8,2026-07-31,2600.0,2026-08-20,2672.1,2026-08-12
689,MTARTECH,2026-08-24,2026-08-21,7029.5,6833.0,-2.8,55.99,51.72,55258,6800.0,2026-08-20,6900.0,2026-08-17,7388.0,2026-08-13,7100.0,2026-08-07
690,GRINDWELL,2026-08-24,2026-08-21,2059.8,2050.0,-0.48,46.41,45.34,13815,2041.0,2026-08-19,2071.1,2026-08-11,2194.0,2026-08-14,2152.1,2026-08-07
691,AAVAS,2026-08-24,2026-08-21,1355.3,1342.5,-0.94,40.16,38.11,71404,1354.1,2026-08-07,1346.2,2026-07-31,1407.9,2026-08-19,1444.5,2026-08-13
692,SHREECEM,2026-08-24,2026-08-21,24280.0,24095.0,-0.76,31.45,29.87,8151,25500.0,2026-07-31,26425.0,2026-07-24,27550.0,2026-08-05,27125.0,2026-07-29
693,HGINFRA,2026-08-24,2026-08-21,511.9,507.4,-0.88,35.03,33.24,72275,505.0,2026-08-18,530.6,2026-07-29,562.45,2026-08-19,575.75,2026-08-12
694,SKFINDIA,2026-08-24,2026-08-21,1596.5,1580.0,-1.03,55.92,52.97,23199,1510.0,2026-08-12,1461.0,2026-07-30,1683.2,2026-08-20,1716.9,2026-08-13
695,PGIL,2026-08-24,2026-08-21,2386.1,2360.4,-1.08,62.8,60.08,23305,2326.5,2026-08-19,2065.1,2026-08-06,2454.0,2026-08-20,2500.0,2026-08-13
696,CCL,2026-08-24,2026-08-21,1082.3,1087.0,0.43,29.05,31.28,202264,1116.2,2026-08-11,1106.0,2026-08-04,1149.9,2026-08-11,1215.0,2026-07-28
697,UBL,2026-08-24,2026-08-21,1348.9,1347.3,-0.12,40.16,39.76,43865,1377.5,2026-08-07,1411.2,2026-07-31,1405.5,2026-08-12,1464.0,2026-08-03
698,FORCEMOT,2026-08-24,2026-08-21,17770.0,17650.0,-0.68,44.43,43.06,38980,17718.0,2026-08-19,18210.0,2026-08-10,19448.0,2026-08-13,18886.0,2026-08-06
699,PRUDENT,2026-08-24,2026-08-21,3353.5,3353.5,0.0,60.36,60.36,15705,3249.5,2026-08-14,3232.5,2026-08-06,3455.0,2026-08-20,3434.0,2026-08-11
700,GRWRHITECH,2026-08-24,2026-08-21,7123.5,7235.5,1.57,54.22,58.31,52495,6951.0,2026-08-18,6780.5,2026-08-10,7395.0,2026-08-13,7990.0,2026-08-06
701,CORONA,2026-08-24,2026-08-21,2142.6,2141.3,-0.06,58.56,58.33,7258,2105.7,2026-08-18,2035.0,2026-08-06,2192.8,2026-08-20,2180.9,2026-08-14
702,UTIAMC,2026-08-24,2026-08-21,893.05,888.8,-0.48,40.76,39.15,29651,888.2,2026-08-19,885.6,2026-08-05,924.9,2026-08-12,922.95,2026-08-04
703,IFBIND,2026-08-24,2026-08-21,1393.2,1401.0,0.56,55.51,56.89,21785,1347.2,2026-08-12,1299.4,2026-07-31,1424.0,2026-08-18,1476.1,2026-08-07
704,ERIS,2026-08-24,2026-08-21,1328.2,1323.5,-0.35,37.12,36.24,29195,1321.1,2026-08-17,1341.3,2026-08-12,1410.0,2026-08-11,1441.9,2026-07-29
705,AHLUCONT,2026-08-24,2026-08-21,696.2,655.6,-5.83,26.75,22.43,258913,808.95,2026-07-30,791.1,2026-07-24,848.0,2026-08-14,836.2,2026-08-11
706,WESTLIFE,2026-08-24,2026-08-21,588.15,588.05,-0.02,62.57,62.53,25647,563.5,2026-08-19,571.3,2026-08-12,602.0,2026-08-20,608.95,2026-08-07
707,VOLTAMP,2026-08-24,2026-08-21,10869.5,11313.0,4.08,70.55,75.44,117558,9950.0,2026-08-17,9854.0,2026-08-07,10267.0,2026-08-14,10350.0,2026-08-10
708,POWERMECH,2026-08-24,2026-08-21,2502.4,2490.0,-0.5,46.82,45.6,21033,2412.5,2026-08-19,2400.0,2026-08-12,2494.0,2026-08-18,2650.0,2026-08-05
709,ALKYLAMINE,2026-08-24,2026-08-21,2052.7,2064.0,0.55,66.49,67.25,213703,1878.0,2026-08-19,1867.2,2026-08-10,1983.0,2026-08-11,1998.9,2026-08-05
710,CEATLTD,2026-08-24,2026-08-21,3563.4,3574.0,0.3,47.14,47.98,32653,3524.8,2026-08-19,3309.1,2026-07-23,3824.8,2026-08-11,3790.0,2026-08-05
711,SOBHA,2026-08-24,2026-08-21,1294.6,1292.3,-0.18,35.83,35.43,45729,1268.0,2026-08-19,1338.0,2026-07-30,1378.0,2026-08-10,1390.0,2026-08-05
712,ESCORTS,2026-08-24,2026-08-21,3086.6,3077.9,-0.28,55.85,54.41,21490,3042.2,2026-08-19,3042.6,2026-08-07,3158.5,2026-08-17,3138.0,2026-08-11
713,BOSCHLTD,2026-08-24,2026-08-21,48200.0,48040.0,-0.33,74.34,72.83,23964,39705.0,2026-07-29,40400.0,2026-07-20,49130.0,2026-08-19,43650.0,2026-08-05
714,BAJAJHLDNG,2026-08-24,2026-08-21,11320.0,11149.0,-1.51,55.59,49.26,37690,11211.0,2026-08-18,11219.0,2026-08-10,11574.0,2026-08-17,11599.0,2026-08-11
715,SHRIPISTON,2026-08-24,2026-08-21,4600.1,4751.0,3.28,64.34,70.0,123571,4401.0,2026-08-17,4090.0,2026-08-04,4589.0,2026-08-18,4588.0,2026-08-12
716,SAFARI,2026-08-24,2026-08-21,1496.8,1498.3,0.1,41.75,42.21,16673,1475.4,2026-08-14,1479.7,2026-08-07,1511.9,2026-08-18,1525.0,2026-08-10
717,STARCEMENT,2026-08-24,2026-08-21,194.62,194.8,0.09,31.81,32.48,248047,191.5,2026-08-20,195.91,2026-08-11,203.55,2026-08-17,205.5,2026-08-06
718,SUBROS,2026-08-24,2026-08-21,733.15,728.8,-0.59,31.69,30.58,26580,759.65,2026-07-24,786.2,2026-07-08,768.95,2026-08-18,844.15,2026-08-05
719,RATNAMANI,2026-08-24,2026-08-21,2354.4,2680.1,13.83,47.38,68.37,603467,2154.6,2026-08-07,2348.0,2026-08-04,2425.0,2026-08-18,2424.3,2026-08-03
720,SUNDARMFIN,2026-08-24,2026-08-21,4534.5,4508.2,-0.58,49.78,48.23,14737,4415.7,2026-08-17,4401.5,2026-08-12,4658.0,2026-08-18,4965.3,2026-08-03
721,CENTURYPLY,2026-08-24,2026-08-21,762.4,746.2,-2.12,46.4,40.04,81727,740.2,2026-08-19,756.2,2026-08-05,780.0,2026-08-20,792.7,2026-08-06
722,ANUP,2026-08-24,2026-08-21,1808.9,1800.4,-0.47,28.7,28.09,15538,1841.0,2026-08-10,2065.0,2026-07-30,2296.4,2026-08-06,2222.0,2026-07-31
723,ATUL,2026-08-24,2026-08-21,6509.5,6426.0,-1.28,42.55,38.57,32249,6752.5,2026-08-07,6070.0,2026-07-22,6990.0,2026-08-13,7007.0,2026-08-07
724,BIRLACORPN,2026-08-24,2026-08-21,889.25,889.25,0.0,38.28,38.28,26431,877.0,2026-08-19,887.7,2026-08-11,908.7,2026-08-14,918.0,2026-08-10
725,DYNAMATECH,2026-08-24,2026-08-21,11588.0,11692.0,0.9,61.75,63.25,11455,10405.0,2026-08-11,10177.0,2026-07-30,12213.0,2026-08-19,12275.0,2026-08-10
726,TIMKEN,2026-08-24,2026-08-21,3134.1,3092.2,-1.34,38.78,35.67,22250,3164.7,2026-08-11,3120.0,2026-08-05,3324.7,2026-08-18,3390.4,2026-08-06
727,MASTEK,2026-08-24,2026-08-21,1705.2,1687.5,-1.04,41.34,39.32,75686,1790.0,2026-08-11,1799.0,2026-08-06,1850.0,2026-08-14,1884.8,2026-08-07
728,STYRENIX,2026-08-24,2026-08-21,2081.6,2085.6,0.19,26.32,27.09,18670,2423.0,2026-07-30,2188.9,2026-07-17,2653.0,2026-08-04,2520.0,2026-07-28
729,KIRLOSBROS,2026-08-24,2026-08-21,1906.2,1923.7,0.92,50.0,52.1,41169,1894.2,2026-08-13,1873.1,2026-08-10,1978.0,2026-08-20,1977.0,2026-08-11
730,BBTC,2026-08-24,2026-08-21,1427.4,1421.6,-0.41,32.33,31.18,25856,1445.1,2026-08-13,1485.4,2026-07-31,1521.8,2026-08-13,1558.0,2026-08-03
731,BLUEDART,2026-08-24,2026-08-21,5083.0,5062.5,-0.4,50.79,49.32,3650,5020.0,2026-08-20,5065.0,2026-08-13,5130.0,2026-08-20,5280.0,2026-08-14
732,BAYERCROP,2026-08-24,2026-08-21,4071.5,4054.0,-0.43,39.05,37.43,8983,4030.0,2026-08-17,4188.2,2026-07-31,4128.0,2026-08-18,4355.0,2026-08-04
733,3MINDIA,2026-08-24,2026-08-21,33640.0,33800.0,0.48,36.68,38.69,1148,35665.0,2026-08-10,34485.0,2026-07-31,37300.0,2026-08-14,36595.0,2026-08-06
734,DOMS,2026-08-24,2026-08-21,2206.3,2205.8,-0.02,41.44,41.35,8128,2190.0,2026-08-19,2202.3,2026-08-14,2239.6,2026-08-20,2270.0,2026-08-10
735,SKFINDUS,2026-08-24,2026-08-21,2758.3,2762.6,0.16,53.41,53.79,28325,2605.1,2026-08-12,2642.9,2026-07-29,2907.1,2026-08-20,2850.2,2026-08-06
736,ABBOTINDIA,2026-08-24,2026-08-21,26230.0,26235.0,0.02,34.31,34.41,7504,27330.0,2026-08-11,27430.0,2026-07-31,28635.0,2026-08-13,27990.0,2026-08-06
737,NESCO,2026-08-24,2026-08-21,1035.8,1039.6,0.37,41.26,43.11,30235,1028.0,2026-08-19,1034.0,2026-08-12,1060.0,2026-08-12,1095.0,2026-07-31
738,CRAFTSMAN,2026-08-24,2026-08-21,10644.5,10604.0,-0.38,62.59,61.34,22068,10205.0,2026-08-14,10200.0,2026-08-10,10960.0,2026-08-18,10723.0,2026-08-12
739,LINDEINDIA,2026-08-24,2026-08-21,6672.0,6538.0,-2.01,38.93,33.71,24121,6575.0,2026-08-17,6621.0,2026-07-30,6870.5,2026-08-18,7319.5,2026-08-04
740,PTCIL,2026-08-24,2026-08-21,20629.0,21459.0,4.02,68.56,73.11,54600,18720.0,2026-08-12,17661.0,2026-07-31,20750.0,2026-08-17,19520.0,2026-08-11
741,CRISIL,2026-08-24,2026-08-21,4514.5,4478.9,-0.79,57.53,54.64,14047,4401.2,2026-08-18,4309.9,2026-08-03,4559.3,2026-08-20,4662.0,2026-08-10
742,ETHOSLTD,2026-08-24,2026-08-21,2840.5,2889.4,1.72,58.65,61.85,33266,2666.0,2026-08-17,2725.8,2026-08-07,3062.7,2026-08-18,2889.0,2026-08-11
743,JKCEMENT,2026-08-24,2026-08-21,5250.0,5223.0,-0.51,38.76,37.25,6462,5165.0,2026-08-17,5377.5,2026-07-31,5399.0,2026-08-18,5760.0,2026-07-28
744,JSWDULUX,2026-08-24,2026-08-21,3118.8,3130.0,0.36,54.69,55.64,6084,2975.6,2026-08-10,2927.1,2026-07-31,3214.0,2026-08-17,3195.0,2026-08-11
745,PFIZER,2026-08-24,2026-08-21,4978.2,4892.8,-1.72,62.46,54.99,14758,4751.2,2026-08-18,4840.0,2026-08-11,5149.0,2026-08-12,4934.6,2026-08-06
746,HONAUT,2026-08-24,2026-08-21,36700.0,36855.0,0.42,42.07,43.81,1383,35850.0,2026-08-20,37205.0,2026-07-24,38500.0,2026-08-11,41495.0,2026-07-29
747,GILLETTE,2026-08-24,2026-08-21,7498.5,7393.5,-1.4,35.87,30.15,17320,7546.0,2026-07-31,7730.0,2026-07-24,7669.5,2026-08-14,7776.0,2026-08-05
748,MRF,2026-08-24,2026-08-21,132665.0,134560.0,1.43,49.96,56.12,4238,129570.0,2026-08-11,132500.0,2026-07-31,135180.0,2026-08-05,135550.0,2026-07-30
749,SANOFICONR,2026-08-24,2026-08-21,4222.1,4230.0,0.19,24.83,26.01,2949,4456.1,2026-08-10,4515.0,2026-08-03,4572.2,2026-08-11,4927.0,2026-07-29
750,MAHSCOOTER,2026-08-24,2026-08-21,13131.0,13128.0,-0.02,47.21,47.14,2061,13044.0,2026-08-20,13221.0,2026-08-13,13688.0,2026-08-18,14125.0,2026-08-04
